student_id,age,gender,region,parent_education,gpa,attendance_rate,assignments_submitted,moodle_time_hours,forum_posts,satisfaction_score,dropout
1,24,F,Urban,High School,0.53,0.8426976717230028,4,23.34390495615522,8,4,0
2,32,F,Urban,High School,2.37,0.5124831110600285,8,17.985993095513482,15,1,0
3,28,F,Urban,High School,2.4,0.5857170883552714,8,26.807769312636804,18,2,1
4,25,M,Rural,None,1.41,0.7267894999614171,0,35.868137651818344,17,3,1
5,24,F,Rural,High School,1.83,0.727436221401434,5,22.178167274925137,8,3,0
6,28,M,Urban,None,0.15,0.842850271466822,6,46.94384875711365,15,1,0
7,28,F,Rural,Bachelor,2.98,0.9551065174338783,2,14.747291202117102,12,1,0
8,21,F,Rural,None,2.2,0.8195160794574604,6,23.77318030845602,9,4,1
9,25,M,Rural,Bachelor,0.23,0.9767675489257543,6,37.846382967072074,19,3,0
10,20,F,Rural,None,2.72,0.9408078199389989,1,34.45605452478791,13,1,0
11,19,M,Urban,Bachelor,1.87,0.7922498977653951,6,43.18205262085781,11,3,0
12,29,M,Rural,High School,0.14,0.9168959754594137,0,49.84045903405544,18,3,1
13,23,F,Rural,Bachelor,3.88,0.821288805161817,4,21.34291643975448,6,4,0
14,19,M,Rural,High School,3.8,0.5392789154618636,8,5.557543989165592,14,2,0
15,18,M,Urban,High School,2.05,0.870282361629755,6,1.5207940403983988,15,4,0
16,29,F,Urban,Bachelor,0.37,0.5474542206336731,6,36.343845306988584,7,1,0
17,29,M,Urban,None,3.02,0.7970413902848562,1,43.70068356543578,9,4,0
18,34,M,Urban,None,1.97,0.8513201029291144,7,11.035629297220934,3,4,1
19,27,M,Urban,Master,1.21,0.5332638041054276,2,7.922401859495299,18,3,1
20,33,F,Urban,None,1.97,0.6153973269632659,7,3.1102545762845493,18,4,0
21,32,M,Urban,Master,2.09,0.9578361161308249,2,41.13514608586032,14,1,1
22,32,F,Rural,None,2.25,0.8081572461164481,9,15.569096994629216,13,2,0
23,29,F,Rural,None,1.76,0.6231430094052658,6,20.084844637988823,0,4,0
24,20,M,Rural,High School,2.42,0.8453398855740033,1,25.137509580480614,15,4,0
25,22,M,Urban,Master,3.67,0.7983882099808448,3,41.97266171047754,9,2,1
26,24,M,Urban,None,1.45,0.7507878499589742,5,32.54166107807425,18,1,0
27,26,F,Urban,Master,2.9,0.9880934874940419,8,30.753231492890563,2,1,0
28,24,M,Urban,High School,3.58,0.8417268887037545,4,8.783604997795535,4,4,1
29,21,M,Urban,High School,1.82,0.6877205548339563,8,25.659494585491487,8,3,0
30,31,M,Rural,Master,1.77,0.9000367160384339,4,35.76905085893276,17,4,0
31,26,M,Rural,High School,2.41,0.9422916464605939,9,48.66304415152459,10,2,0
32,19,M,Urban,Bachelor,2.37,0.5626102797584157,7,10.070315460667612,15,2,0
33,32,F,Urban,Bachelor,3.23,0.6002764889226333,0,0.47716765336133227,1,2,1
34,24,F,Urban,High School,1.91,0.6081135045638899,6,3.765071679923487,11,4,0
35,29,M,Urban,Bachelor,3.98,0.8456059046932702,3,18.79262325909896,5,4,0
36,25,M,Rural,None,0.24,0.8015197775266416,4,41.02723238729936,10,1,0
37,32,M,Urban,Master,0.01,0.8094957823492941,5,0.3571040884122523,7,3,0
38,20,M,Urban,None,2.56,0.9703866498447504,4,22.836529644292014,11,4,0
39,31,F,Urban,Master,1.19,0.887955766403653,0,16.461530767069725,1,1,0
40,34,M,Urban,High School,0.96,0.5639684622558916,8,2.624085504986379,8,4,1
41,21,F,Rural,None,1.25,0.6737535412125906,1,22.511814333630863,14,1,0
42,25,F,Urban,High School,1.02,0.7176968230878678,8,12.737435366835943,1,1,0
43,21,M,Urban,High School,0.12,0.6979807943738024,9,17.59424171735032,0,3,0
44,19,F,Rural,Master,3.89,0.8346543045809396,1,35.28076523921465,9,4,0
45,23,F,Rural,Master,0.88,0.9459465516282812,8,26.077549195548354,1,1,0
46,27,F,Rural,Master,2.94,0.653025731761394,5,6.232371449640667,11,2,0
47,21,F,Urban,None,3.05,0.7759385682105928,8,48.07072702118195,7,2,1
48,29,M,Urban,Bachelor,3.72,0.8947047109567928,5,31.79553828548692,4,2,0
49,19,M,Rural,Master,0.12,0.7081090294226746,5,38.29342128312658,0,3,0
50,27,F,Rural,Master,3.49,0.5840590641996479,1,3.9606575004185407,14,1,0
51,21,M,Rural,None,2.11,0.7374754826318741,7,2.3529189730009445,5,3,1
52,31,M,Rural,Master,2.53,0.5276112603715142,2,0.9724025184040586,11,4,0
53,33,M,Rural,None,2.58,0.9711917270011384,6,9.439701388672223,7,4,0
54,32,M,Rural,High School,3.28,0.5374106025974865,4,20.720419885924755,12,1,0
55,25,M,Urban,Master,1.33,0.7192283576252891,2,46.79130667014114,18,2,0
56,31,F,Urban,Master,2.93,0.7649406305442631,0,22.852982963288817,0,1,0
57,25,M,Urban,High School,2.11,0.9926519161436427,7,14.51275526862647,10,1,1
58,33,M,Rural,High School,3.17,0.5830109118214304,2,28.096762675983168,19,1,0
59,30,M,Rural,High School,3.96,0.5572157593061793,1,5.596728906739462,0,3,0
60,32,M,Rural,Master,0.8,0.5043530735312718,0,30.47529455024916,7,4,0
61,30,F,Rural,Bachelor,3.98,0.5777857184346511,3,28.421597716525167,4,1,0
62,26,F,Rural,Bachelor,0.36,0.6036364895338338,7,39.59965167028548,16,1,0
63,32,F,Rural,Bachelor,0.01,0.8152904707915462,2,49.3343805808512,7,1,0
64,30,F,Urban,Master,0.18,0.6098533951957001,0,12.543673585805525,9,3,0
65,18,M,Urban,High School,1.37,0.5102604073646626,3,25.48282254018803,1,3,0
66,24,F,Rural,Master,2.53,0.9133091727512443,8,45.44327031595018,8,3,0
67,26,M,Urban,High School,0.28,0.6827978505019834,0,39.25949422114206,2,1,0
68,18,M,Rural,Master,0.02,0.6768483432903669,1,24.37031515504038,17,2,1
69,29,M,Urban,Master,3.75,0.6512395145839633,8,47.26858248073889,6,2,0
70,25,M,Rural,High School,3.29,0.9876866385732104,1,2.861834675840469,14,2,0
71,28,M,Rural,Bachelor,3.24,0.5850577086546407,2,46.5499309856292,19,4,1
72,34,F,Urban,High School,3.54,0.9491190319766176,6,2.5253696191403274,17,1,0
73,25,F,Urban,None,2.8,0.888401666069944,2,27.365237205734218,2,2,1
74,20,F,Rural,None,0.42,0.5382399777496565,8,44.52204740005429,13,2,1
75,20,F,Rural,High School,1.6,0.9933645507504243,5,13.13604717806514,1,2,1
76,18,M,Urban,Master,2.89,0.6356829817695053,2,23.612424947257928,13,1,1
77,22,F,Urban,None,1.12,0.5492914635112062,8,16.21644395684833,10,2,0
78,27,M,Rural,None,2.75,0.9146571170628797,0,47.60719585381757,15,2,0
79,24,F,Urban,Master,0.1,0.85333776683885,9,41.18227973765454,7,1,0
80,26,M,Rural,Master,1.22,0.8086094029389503,2,35.45007556631898,6,4,0
81,24,M,Rural,Bachelor,2.2,0.5779904318494666,0,29.381349330755434,10,3,0
82,26,F,Rural,Master,2.53,0.739248058127981,1,41.029589466207405,2,2,0
83,25,M,Rural,High School,2.31,0.8902780134436069,7,19.613352076177353,16,3,0
84,29,M,Urban,High School,2.79,0.6518119690719202,6,22.377592755303095,13,4,1
85,19,F,Urban,Bachelor,0.02,0.6558449142575207,1,36.500086054043074,5,4,1
86,18,M,Urban,None,0.4,0.501570453024061,1,17.88773816468571,7,2,1
87,33,F,Urban,None,3.48,0.5871217008226898,8,3.195047102418691,4,1,0
88,22,F,Urban,Master,2.73,0.9377028125609171,5,3.716730444303573,7,4,1
89,20,F,Urban,High School,0.45,0.7208732458188536,4,5.768140065285193,1,3,1
90,29,M,Urban,None,3.37,0.992117249617217,9,43.48406616718314,14,3,0
91,25,M,Rural,Bachelor,0.97,0.6978539817868963,5,23.611321287810217,11,3,0
92,20,M,Urban,Bachelor,1.91,0.8575932273901206,8,35.64411846723682,16,3,1
93,18,F,Urban,High School,0.58,0.6409595214523646,6,19.645466780244664,0,4,1
94,20,M,Rural,Bachelor,2.84,0.6819048205704668,9,12.935547370781725,14,2,0
95,22,F,Urban,Bachelor,2.67,0.5953629937954473,9,17.359608378110597,13,2,0
96,32,F,Urban,High School,0.84,0.6735311842496975,8,39.70911726585918,19,3,0
97,31,M,Rural,Master,3.45,0.7736187602103215,3,31.26080625157191,15,2,0
98,20,F,Urban,Master,1.61,0.9958864404896247,1,46.8819889978951,8,3,1
99,18,M,Urban,Bachelor,1.17,0.8321008565358928,7,33.985238928841696,0,3,1
100,22,M,Urban,Master,0.61,0.599622977204157,3,28.5090815877347,16,1,0
101,31,M,Rural,Master,1.06,0.5224807207957756,8,30.509800449291724,12,4,0
102,24,M,Urban,Bachelor,0.09,0.5631782406572553,3,47.11857197342073,4,4,0
103,26,M,Urban,Master,2.33,0.7812776006365236,7,39.4100464933353,9,3,0
104,32,F,Rural,Bachelor,3.37,0.8825801644083832,8,1.2020618683218909,5,4,0
105,32,F,Urban,None,2.2,0.9702096036503735,8,26.70698480678486,18,2,0
106,27,F,Rural,High School,0.88,0.5079115859984105,9,34.41692057732824,12,3,0
107,30,M,Rural,High School,0.13,0.7613800707809348,3,37.434923921957754,0,1,0
108,24,M,Urban,Master,0.86,0.7354336781115884,0,10.657105965696834,19,2,0
109,34,M,Rural,Master,1.66,0.828027510987852,2,43.35886772256761,14,1,0
110,21,F,Rural,Master,3.04,0.779789427232671,8,47.79215735875819,13,1,0
111,22,M,Urban,High School,0.75,0.8435195752912403,3,11.835765292243488,7,4,0
112,24,F,Rural,None,2.88,0.8290412923745951,4,44.13077287586229,9,4,0
113,30,F,Rural,None,3.47,0.5585058624289732,6,4.84893812580477,8,3,1
114,32,M,Urban,High School,1.82,0.8998589568093598,4,2.7853418057622594,16,4,1
115,28,M,Urban,None,3.29,0.5616162878581624,3,6.461190005137468,8,1,1
116,21,F,Urban,High School,2.22,0.8492653126045686,1,2.8870539733518,2,1,1
117,30,M,Rural,None,2.55,0.7080726838203033,1,42.2506118577888,10,2,0
118,24,F,Urban,Bachelor,2.11,0.756925367288299,3,2.9525072229135976,11,1,0
119,19,M,Rural,Bachelor,1.85,0.9516490071878553,9,13.583209568182774,9,3,0
120,27,M,Rural,High School,0.94,0.9449418632367432,9,5.187817176792819,16,3,1
121,30,F,Rural,None,1.21,0.9089281528275148,8,14.771101815688247,16,4,1
122,23,M,Rural,Master,1.16,0.7550741902281617,7,4.527973380046024,10,4,0
123,29,F,Rural,None,2.25,0.8681199050669166,2,33.4001625371507,3,4,0
124,29,M,Rural,Bachelor,0.48,0.7564485277594046,8,6.6663408171287575,6,3,0
125,28,F,Rural,Bachelor,3.67,0.9348030412373887,4,42.59229629194439,13,1,0
126,24,F,Urban,None,2.88,0.70138791661645,2,40.85955253633205,6,4,0
127,18,M,Urban,None,1.61,0.9851176722074384,4,0.683084273530471,7,2,0
128,18,F,Rural,Master,0.63,0.9661613791144388,9,44.78631777575573,0,4,0
129,30,M,Rural,Master,3.53,0.8708013097258928,3,1.447215837168353,3,3,0
130,26,M,Urban,None,3.3,0.639707942088036,7,11.98228924787783,11,4,0
131,20,M,Rural,None,2.89,0.5658267943966292,4,1.619456888799753,2,1,0
132,24,F,Urban,None,1.09,0.9273517250465988,9,16.792174351965798,12,4,1
133,23,F,Urban,None,1.61,0.5826511430689807,7,25.69332628566358,19,3,0
134,25,M,Urban,High School,0.41,0.9271303944986679,8,39.832243450756906,5,3,1
135,26,M,Rural,None,0.76,0.7453825033561803,3,16.89907752349181,10,2,1
136,22,F,Rural,Master,3.13,0.7032783919040522,6,35.27450123365583,3,3,0
137,18,M,Urban,Bachelor,2.86,0.9515953894172146,1,9.375222855949017,19,2,0
138,27,M,Urban,High School,2.37,0.801925491270139,5,37.52992283720632,15,1,0
139,29,F,Urban,None,3.58,0.7883070035648589,7,11.799830295461877,6,3,0
140,32,M,Urban,Bachelor,2.33,0.7793829723121988,6,7.177237797188396,10,4,1
141,26,F,Urban,High School,1.87,0.6855847580097657,6,9.270442518702716,0,1,0
142,34,M,Rural,Bachelor,1.36,0.8928215517645637,7,9.10315644409277,6,4,1
143,34,F,Urban,None,3.76,0.6263992220078864,6,25.643143968849557,11,4,0
144,29,M,Rural,None,0.33,0.9694474800206375,4,42.2398790594073,6,4,0
145,24,M,Urban,Master,3.72,0.9469926025234804,6,3.9802538496252815,6,1,0
146,19,F,Rural,None,3.31,0.6687401628374491,9,35.34781592467113,9,1,0
147,20,M,Rural,None,0.52,0.8647318849158319,2,32.717322982642884,15,3,0
148,34,F,Rural,High School,2.26,0.7866115972247958,4,43.62599759146812,7,4,1
149,22,M,Rural,Master,3.47,0.6688246509996173,6,12.207378025345362,8,2,0
150,34,F,Rural,High School,2.29,0.9942608239977233,8,22.505492934251482,8,3,0
151,34,F,Rural,Bachelor,3.63,0.5126186729241321,1,46.29136872217587,1,1,0
152,34,F,Urban,None,3.77,0.6263230153106434,3,32.99967250676586,12,2,0
153,19,F,Rural,Bachelor,1.69,0.7600370305555753,6,19.438420643079844,12,1,1
154,19,M,Urban,High School,1.51,0.760976501739282,0,6.570619142763423,3,2,1
155,22,M,Rural,None,3.75,0.7944665374727821,1,13.124250395029552,11,3,0
156,18,F,Rural,None,2.7,0.8758380860114596,8,29.060773874469163,16,2,1
157,18,F,Urban,High School,0.46,0.8117389152596481,9,35.90839737802568,1,3,0
158,19,F,Rural,High School,0.17,0.8001407302640184,6,6.221094342594674,12,1,0
159,29,M,Urban,High School,2.26,0.5267572314565216,9,29.9798630022027,17,2,0
160,23,M,Urban,High School,3.72,0.6882651438946492,6,27.51756394193755,14,4,1
161,21,M,Urban,High School,3.38,0.616027869850578,5,25.6977723345354,7,4,0
162,28,M,Urban,None,2.7,0.6326850558009878,2,34.506155884100394,14,1,0
163,34,F,Rural,High School,0.56,0.7771687371701724,9,41.87247975417309,0,2,0
164,23,F,Rural,None,1.02,0.5997526574648042,2,16.149484158843418,19,4,0
165,22,F,Urban,None,3.5,0.6469745505084488,1,44.45060950554797,9,3,0
166,19,M,Rural,High School,0.73,0.6185423542586701,5,8.031680630927534,11,2,0
167,23,M,Rural,High School,1.11,0.9742514716090973,3,8.651193487558217,4,2,0
168,28,M,Urban,Master,0.52,0.9723328660855476,4,13.338603181196195,8,4,0
169,33,F,Rural,None,2.7,0.8049707792980259,2,5.976543477353891,7,3,0
170,33,F,Urban,High School,3.78,0.96226123436595,5,11.515961234143878,15,3,0
171,18,M,Urban,High School,1.08,0.8929063227341866,2,5.32058814514223,13,3,0
172,26,F,Rural,High School,1.9,0.7949739414009044,7,41.08762084926952,12,2,0
173,23,M,Rural,Master,2.54,0.5032176057483979,8,6.94844959433123,12,1,1
174,33,M,Rural,Master,4.0,0.8862581430397021,3,37.36487787799284,4,2,0
175,20,F,Urban,Bachelor,0.42,0.8512441707942344,8,2.395693395666687,15,2,0
176,21,M,Urban,None,1.99,0.807626826641207,6,47.42601637569576,10,4,0
177,20,F,Rural,Bachelor,1.54,0.8802121558412359,2,35.55800437638831,4,1,1
178,24,M,Rural,High School,3.46,0.7564610823873829,6,0.3398274293055892,12,3,1
179,26,F,Rural,Master,1.9,0.8520416356606695,0,38.1928250100107,10,4,0
180,18,F,Rural,Master,0.44,0.9675860433632466,2,25.704096038309267,18,2,0
181,25,F,Urban,Bachelor,2.54,0.6879025079230432,5,38.96825851675599,2,1,0
182,24,M,Rural,Master,3.08,0.8540609174503127,3,26.124840444529422,14,3,0
183,25,M,Urban,High School,0.01,0.7378439090054794,6,32.051242881767735,6,3,0
184,18,F,Urban,Master,3.44,0.8371998259069908,2,39.316582769752024,6,2,0
185,28,F,Rural,Bachelor,0.74,0.8814466677771821,0,20.255402729392834,5,3,0
186,27,M,Rural,High School,2.21,0.522726250217898,8,0.1354074910226044,2,3,0
187,20,M,Rural,Bachelor,1.66,0.823300221974331,5,42.497324797259424,12,1,0
188,24,M,Urban,Master,2.88,0.6133705922034722,7,19.04451813123313,6,4,0
189,33,F,Rural,Bachelor,1.48,0.8350162689037834,2,24.802136300829154,4,1,0
190,33,M,Rural,Bachelor,3.48,0.7341650929669068,7,0.38833210769843585,17,4,0
191,34,M,Urban,None,2.92,0.8867763709324437,1,24.6046005175049,7,4,0
192,19,F,Rural,Master,2.59,0.5617004076027983,3,49.324370078586476,16,4,0
193,18,M,Urban,Master,3.18,0.8131611758280975,2,13.913383040938482,19,3,0
194,33,M,Rural,Bachelor,3.02,0.6392353644637762,9,19.770913512118902,0,1,0
195,29,M,Urban,None,0.14,0.9264909976652957,0,34.35949982343383,13,3,0
196,22,F,Rural,Master,1.58,0.9641917528181537,6,40.73968337618293,16,2,0
197,22,F,Rural,High School,3.72,0.9981991468395277,9,20.869581200305014,9,1,0
198,26,F,Urban,Bachelor,0.5,0.8980037012136417,1,15.483443520064627,11,4,0
199,26,F,Urban,Master,2.95,0.8768670352140022,3,46.89128999925335,15,3,0
200,20,F,Rural,High School,3.9,0.6077503794337755,8,33.85724833358346,13,3,0
201,33,F,Urban,Master,0.21,0.6680035294950544,5,5.951065224657054,15,1,0
202,33,F,Urban,High School,2.73,0.7328412708811398,7,3.446393906732431,7,1,0
203,20,M,Urban,Bachelor,1.87,0.8866905238911249,1,24.177492539518454,9,4,0
204,18,M,Urban,Master,2.32,0.9574829325389843,6,11.004503302363622,16,4,0
205,28,F,Rural,Master,0.34,0.5945695500114923,5,12.699237668812675,17,2,1
206,34,M,Rural,None,0.17,0.9611837423350514,8,43.884608941392415,19,4,0
207,25,M,Urban,Bachelor,2.67,0.847812326177029,6,4.4783012158155335,15,3,0
208,21,F,Urban,High School,3.29,0.8053853653425194,0,35.768205761444484,16,2,0
209,23,M,Urban,Master,3.13,0.5999206356409698,7,13.557112669029403,15,2,0
210,25,M,Urban,Master,2.18,0.5277625164045753,9,38.016411070206885,18,2,1
211,20,M,Rural,High School,0.4,0.78423244925397,2,36.12056922317723,7,1,0
212,33,M,Rural,Bachelor,2.75,0.8257578416644462,1,0.36959507221465127,5,4,1
213,20,M,Urban,None,0.97,0.6053907246773441,2,25.456770646079956,5,2,0
214,31,F,Urban,None,3.64,0.7782281029127283,5,6.965974118902318,8,1,0
215,19,F,Urban,Master,3.35,0.9282467013812867,2,43.31135152893384,3,1,1
216,20,F,Rural,High School,2.84,0.91753297272751,9,43.57929414312033,11,2,0
217,33,M,Urban,Master,3.8,0.9636775902931486,4,20.9172903746879,11,2,0
218,26,F,Rural,High School,0.13,0.6829429047784402,5,22.219780922554026,16,3,0
219,21,M,Urban,None,2.94,0.6590247862754594,7,15.164146970226355,14,2,0
220,18,M,Rural,Bachelor,1.32,0.8747130029904043,6,35.83031494800155,8,3,0
221,21,M,Urban,High School,3.62,0.7155562025485025,7,17.933068151322956,6,2,0
222,18,M,Rural,None,1.07,0.5437743320138904,2,13.389623726131688,9,2,0
223,31,F,Urban,Master,2.9,0.6414005653352499,3,21.61155297522541,15,4,1
224,33,F,Urban,High School,3.51,0.7092911427657446,5,4.574375919372936,11,2,1
225,25,M,Urban,Bachelor,0.17,0.646258212738126,6,37.33016023221019,6,2,0
226,24,F,Rural,Master,1.59,0.6661027854736608,8,0.6298200635893481,17,3,0
227,20,M,Urban,Master,3.05,0.6468879530871954,0,32.2242530760297,14,3,0
228,34,F,Rural,None,1.82,0.5207495835915397,7,9.14322633774362,5,4,0
229,18,F,Rural,High School,1.07,0.8185473504122213,7,11.620202310720657,11,2,1
230,33,M,Urban,Master,0.88,0.7986462101767346,5,31.781599932001996,10,2,0
231,29,F,Urban,Bachelor,0.53,0.8266917492393403,3,49.64717328914536,19,3,0
232,31,M,Urban,High School,3.43,0.5961549480168138,2,38.88587445362754,2,1,1
233,23,F,Rural,Bachelor,2.3,0.6478272708062427,2,11.2919816111696,1,1,1
234,23,M,Urban,Master,0.31,0.8098079634724611,5,8.80123775205669,5,1,0
235,30,M,Rural,Bachelor,1.53,0.7998137842299606,7,43.311643513383515,4,3,0
236,25,F,Rural,None,1.47,0.7531651546771339,6,22.209197396075215,17,3,0
237,19,F,Urban,Bachelor,0.73,0.6752066250050988,0,6.8526401414077736,15,1,1
238,18,M,Urban,High School,1.74,0.956465502387345,5,43.1105711660969,7,1,0
239,32,F,Urban,Bachelor,1.33,0.6698851211494219,6,40.80461764571307,19,2,0
240,18,F,Urban,Bachelor,1.37,0.7278095782186258,6,49.19531819485818,10,3,0
241,22,M,Urban,None,2.96,0.8390569154771044,8,45.4871843356342,9,3,0
242,33,M,Urban,Bachelor,0.89,0.771510715433382,9,42.589516933027085,11,1,0
243,21,F,Rural,Bachelor,2.57,0.6734429881821928,4,2.6287198905501574,5,1,1
244,20,M,Rural,Master,2.28,0.717822395228255,0,5.220768474905901,19,4,1
245,34,M,Rural,Master,2.27,0.897240408926753,1,28.44915971520614,4,3,1
246,34,M,Urban,High School,2.65,0.6390645777433062,3,26.573962314091045,8,4,0
247,29,F,Rural,Master,2.19,0.5711276198884077,4,22.898160724476774,15,2,0
248,31,F,Rural,Master,3.52,0.6565816009148886,8,19.83946627072921,13,4,1
249,23,M,Rural,Master,2.7,0.9247671077439507,0,21.560524243216445,7,1,0
250,20,F,Rural,Master,2.19,0.5444948574281734,2,28.46489670673976,19,3,0
251,26,M,Rural,None,3.32,0.9958480366862259,4,0.10382588000406034,18,3,0
252,22,F,Urban,Master,2.42,0.7705014494638313,2,13.03543870664261,13,4,1
253,34,M,Urban,None,1.16,0.9924228719835471,3,25.913986034435553,6,4,0
254,31,M,Rural,None,0.83,0.9694982110429888,2,36.11080493368231,4,2,1
255,20,F,Rural,Master,0.61,0.7264068571054584,3,8.707834619769816,17,2,0
256,18,M,Rural,Bachelor,3.6,0.5992455373026746,0,27.344058689371646,1,1,0
257,18,F,Urban,None,2.84,0.5824423882825692,7,35.72298419428909,10,1,0
258,20,F,Urban,Bachelor,3.75,0.6199946819349788,3,22.231382895695234,7,1,0
259,27,M,Rural,Bachelor,2.41,0.8550663202822686,6,1.3540566835025525,0,4,0
260,20,M,Urban,Master,1.89,0.636474997365744,1,22.463407923281835,11,4,1
261,25,F,Urban,High School,0.24,0.6707126348021492,1,14.822244387207656,1,3,0
262,31,M,Rural,Master,2.69,0.7243894019973074,5,46.48248038506642,17,1,0
263,32,M,Urban,High School,2.33,0.9566163402107282,1,6.230669283916368,6,4,0
264,19,M,Urban,High School,3.96,0.5946967089424231,5,32.62379777536161,16,3,0
265,27,M,Rural,Master,0.96,0.5025132763049016,1,2.6359883167250575,13,1,0
266,19,M,Urban,Master,2.12,0.5300482051890851,3,22.308521890634825,6,2,0
267,34,F,Urban,High School,2.6,0.952383170840059,6,27.69897436100403,2,2,1
268,25,F,Rural,Master,2.58,0.8237582324216816,7,14.897746565843272,5,4,0
269,18,M,Urban,High School,2.25,0.6365203096639034,2,22.75378177601922,19,3,0
270,26,M,Urban,Bachelor,3.11,0.5885962505055955,8,8.177689726509369,1,2,0
271,28,M,Rural,Master,0.82,0.6471333683185572,1,15.206192473401808,16,3,0
272,33,F,Rural,Bachelor,2.9,0.55739846362564,7,31.055316245510152,11,3,1
273,24,M,Rural,None,2.48,0.9707664551422206,7,15.090002793057755,11,2,0
274,27,F,Urban,Bachelor,3.58,0.8921030871826334,3,44.98715392044358,16,3,1
275,20,F,Rural,Bachelor,3.39,0.7311955884562704,0,31.420347882049487,9,2,0
276,30,F,Urban,High School,1.26,0.932481302557601,0,21.932450921799223,2,4,0
277,24,M,Rural,Bachelor,1.1,0.6247291021466161,1,1.9378467777091235,19,1,1
278,21,F,Urban,Master,3.93,0.8585602842360968,8,24.977416760233563,17,1,0
279,30,M,Rural,High School,2.11,0.9280662495068717,1,38.23881210625446,12,4,0
280,18,F,Rural,None,3.63,0.6783843558116363,1,13.277879900620682,11,2,0
281,25,M,Rural,Master,0.66,0.8787322227253589,5,40.33867848243837,16,2,1
282,31,F,Rural,None,2.57,0.6475361746321546,6,12.590338302544074,3,2,0
283,33,M,Urban,Bachelor,3.24,0.6494285676295154,6,41.18731939754002,9,2,0
284,31,F,Rural,Master,3.79,0.553528589277093,8,4.26341708058387,10,4,0
285,29,M,Rural,Master,1.35,0.7200290232546993,5,43.309185443451476,5,1,0
286,32,M,Urban,None,2.9,0.8648559532487111,7,24.959322546666524,5,3,1
287,19,M,Rural,Master,2.16,0.9701104027856424,5,14.8268794810131,8,3,0
288,19,M,Urban,Master,0.24,0.8018984959645481,1,13.255662520757438,14,1,0
289,34,F,Rural,Master,2.76,0.9315677688678695,0,21.600527946518135,1,4,1
290,27,F,Rural,Bachelor,2.76,0.9112473246451136,4,49.95247490518225,3,3,0
291,23,M,Rural,None,3.72,0.5866715264876404,8,11.016369671879128,4,1,0
292,32,F,Urban,Master,1.99,0.7429087144563158,7,5.160832443949981,16,4,0
293,28,M,Rural,High School,0.92,0.5584617677626957,3,29.251758435933095,7,3,0
294,22,M,Rural,High School,0.18,0.8410765807808175,4,24.427123322012857,7,2,0
295,18,F,Rural,High School,1.66,0.974949834123038,4,26.209813553165368,11,2,0
296,25,M,Urban,High School,1.21,0.5685447290393782,5,33.346770877860855,7,4,0
297,29,M,Urban,Bachelor,3.04,0.8669415654012707,2,13.357203493532467,18,2,0
298,29,F,Rural,Master,1.42,0.8161190754339305,4,45.53324976919442,2,4,0
299,22,M,Urban,None,3.8,0.7918025185040498,1,21.783603306114518,17,1,0
300,24,M,Rural,Master,3.85,0.6950601173441696,9,6.454309757123089,18,1,0
301,21,M,Rural,Bachelor,2.48,0.6775658238769062,0,37.114937836697216,18,3,1
302,23,M,Rural,High School,3.71,0.5226245945094439,0,32.155217630892516,14,4,0
303,30,F,Rural,Bachelor,3.04,0.6089543541260067,9,15.787170124201854,5,3,0
304,32,F,Rural,Master,2.19,0.5075884411434135,6,31.075936201702426,15,3,0
305,20,F,Rural,None,0.72,0.7907085527910103,1,10.993097818448843,7,1,1
306,25,M,Rural,Bachelor,1.83,0.5529266179389545,3,22.241967967026476,15,3,1
307,33,M,Urban,None,2.24,0.9365096970148581,4,44.97062610836626,17,2,0
308,30,F,Urban,Bachelor,3.46,0.7615715103485826,6,6.676711658037471,19,3,0
309,27,M,Urban,None,1.93,0.8498449545293543,1,19.3348224993731,15,4,0
310,34,M,Urban,None,3.59,0.7054285459202483,5,41.057121236017366,10,2,0
311,22,M,Urban,High School,2.7,0.7802899045005243,0,48.474544970308905,6,1,0
312,26,M,Urban,None,0.55,0.9713295884833153,6,22.696306821089795,16,4,1
313,29,F,Urban,High School,3.98,0.5413670198118354,8,25.349981007167372,16,2,0
314,18,F,Rural,Master,2.11,0.6269688859618481,4,28.608598089188487,11,4,0
315,18,F,Rural,Master,1.57,0.8899941634552722,4,46.61740708168554,12,2,0
316,32,M,Rural,High School,2.64,0.549368603441333,3,42.91033954885149,9,4,0
317,19,F,Rural,High School,0.44,0.5378305519520554,2,8.530056231082217,6,4,1
318,33,F,Urban,Bachelor,2.55,0.6807706993770193,8,21.83789089235375,13,2,1
319,25,M,Urban,Bachelor,1.99,0.5460839792362162,4,23.200021409821314,0,1,0
320,30,M,Rural,Bachelor,1.63,0.7925392211031015,7,39.454805582437835,16,1,0
321,18,F,Rural,Master,3.81,0.6131376254082999,8,30.144644130271764,3,4,0
322,33,F,Urban,Bachelor,2.09,0.9478489815996862,4,32.71102310145065,4,4,0
323,24,F,Rural,None,0.88,0.8917500404226284,9,49.90999538328088,19,1,0
324,22,F,Rural,None,1.84,0.8498526030497381,8,3.748002173500653,6,1,0
325,20,M,Rural,Bachelor,3.68,0.808472013692251,1,11.15049117668665,9,3,1
326,29,F,Rural,None,0.7,0.9317328651707317,8,20.39479686857734,16,1,0
327,33,F,Urban,Master,0.86,0.6115310307713784,3,17.38912015244436,6,4,1
328,22,M,Rural,None,0.05,0.9365544213821138,5,1.0822780673491794,0,2,0
329,31,F,Rural,Master,0.06,0.8947461492120261,5,4.588880323558792,6,1,1
330,22,M,Urban,High School,3.32,0.8740804131938428,5,34.04766457017881,10,3,0
331,32,M,Urban,High School,2.93,0.780627839037462,1,43.96622316812803,8,3,0
332,34,M,Rural,High School,1.42,0.6231220804853,6,25.71135056329888,11,3,0
333,31,F,Urban,High School,2.79,0.7117739579959481,5,26.95955397568165,2,2,1
334,22,F,Rural,None,1.58,0.8967853272694009,0,12.75467164161897,3,1,0
335,29,M,Rural,Bachelor,3.81,0.5158892421786623,1,38.39381818168557,3,1,0
336,33,F,Urban,None,3.87,0.8910253846318792,6,37.58972936836282,12,1,0
337,33,F,Rural,Master,1.57,0.6200353702437833,0,29.41828446088283,18,2,0
338,24,M,Rural,None,3.42,0.5721546003608016,0,10.633214325567142,9,2,0
339,21,M,Rural,None,3.09,0.5578506590901511,0,4.850910911854473,4,4,1
340,18,F,Rural,Master,1.24,0.5136250059754075,7,3.2119287928562947,6,3,0
341,22,M,Urban,High School,0.93,0.7617932426107265,3,29.63480333214389,15,3,0
342,27,F,Urban,High School,1.83,0.6091299363468647,3,41.25176595714,0,1,0
343,22,F,Rural,High School,3.13,0.9947158828898157,1,42.91652158904624,11,2,0
344,21,F,Urban,Bachelor,3.84,0.7872183779361028,0,23.18110371717249,1,2,0
345,19,F,Rural,Master,3.05,0.5689426346780052,9,39.21356496533585,6,1,0
346,27,M,Rural,Master,3.42,0.8443812704056827,8,47.34400981705118,10,1,0
347,18,M,Rural,None,2.41,0.9488717832548627,6,13.7585056244034,12,4,0
348,22,M,Rural,Bachelor,3.34,0.8725897476848072,3,19.89801731903786,1,3,1
349,30,M,Rural,High School,3.14,0.5382199305197238,5,46.57394962983403,6,3,0
350,21,F,Urban,Bachelor,1.51,0.9479420905963298,1,16.911548365864242,14,3,0
351,33,F,Rural,Master,2.21,0.8969646929299824,6,45.693814516089816,10,4,0
352,33,M,Urban,Master,3.22,0.5791519500528072,1,49.05224311272329,1,1,0
353,19,F,Urban,None,0.18,0.5258929443664084,9,33.09053642872124,6,1,0
354,34,F,Rural,None,3.23,0.7786552876571542,7,40.84451447520841,3,3,0
355,29,F,Rural,Master,0.71,0.5780179056699885,7,37.47727821105426,10,3,1
356,20,M,Rural,High School,2.06,0.917295476297636,0,34.97671288077619,1,4,0
357,18,M,Rural,High School,3.23,0.6791673283358368,7,15.346553649061628,15,2,0
358,18,M,Rural,Bachelor,1.02,0.9564462223682877,1,2.8547168953971855,6,2,0
359,28,F,Urban,Master,0.98,0.7828440860705028,5,17.15258662598253,12,3,0
360,22,M,Rural,Master,1.61,0.5913361921198341,0,33.34679926019533,4,4,0
361,29,M,Rural,High School,3.58,0.5697994336799,4,5.126459911390069,16,3,0
362,20,M,Urban,High School,0.0,0.788236218778877,6,0.5958991489121046,11,2,0
363,18,M,Urban,Master,3.61,0.880941805931222,9,6.984618630146933,18,3,0
364,18,M,Rural,None,0.62,0.8907528238710911,0,35.786796320539764,6,2,0
365,25,M,Urban,Master,3.96,0.6378787022206407,1,48.6396850828222,5,2,0
366,27,F,Rural,Master,3.82,0.6021233794560837,6,49.153234980741026,7,2,0
367,28,F,Urban,High School,1.98,0.5083781522461912,5,24.698957457009396,12,1,0
368,29,M,Urban,High School,2.05,0.8395995756005847,2,43.46761504961737,4,1,1
369,30,M,Rural,None,1.93,0.5382841292167695,9,36.8413227875752,1,3,0
370,29,F,Urban,None,2.54,0.710380600882963,1,25.052011849230173,8,2,0
371,31,F,Urban,Bachelor,0.36,0.800841082009148,9,28.638026647754337,10,1,1
372,19,M,Urban,Master,0.13,0.9685544724598385,3,6.861357330843553,5,3,0
373,20,M,Urban,High School,0.23,0.6559010684778843,2,46.8830730308296,6,3,0
374,34,M,Urban,None,1.78,0.62488608122326,6,17.59648853658884,6,3,0
375,25,M,Urban,Bachelor,1.1,0.8270800771430492,7,22.307462822858476,18,3,0
376,27,F,Rural,Bachelor,2.49,0.8096195160267908,1,33.583011549894934,5,3,1
377,19,M,Rural,High School,3.97,0.6660548916540623,9,16.695123576327696,10,4,1
378,26,M,Urban,High School,1.55,0.9640509177548933,6,12.712958049446527,10,2,0
379,24,M,Rural,Bachelor,2.3,0.9224311637448164,7,31.55246966351103,6,3,0
380,21,M,Rural,None,1.66,0.6119912729325405,5,1.2492041140924726,1,4,0
381,30,F,Rural,Bachelor,3.39,0.6195712727172615,5,36.03625560133394,18,2,0
382,28,F,Urban,Master,3.61,0.7561501734435403,9,25.701168493825488,3,1,0
383,21,F,Rural,Master,3.51,0.8867860508653602,0,30.28768652604672,5,3,0
384,21,M,Urban,High School,3.9,0.5220201896942323,3,31.594007962344257,16,4,0
385,27,M,Rural,None,0.11,0.8466675768673533,0,26.352507824628184,4,1,0
386,22,F,Urban,None,3.36,0.8241179486910485,3,29.126688872036798,6,4,0
387,26,M,Urban,Master,3.01,0.6157400479564941,1,34.18941004449373,8,2,0
388,20,M,Rural,Bachelor,0.91,0.8406765066206744,4,37.65594235898371,0,2,1
389,34,F,Rural,High School,3.83,0.9700915956260413,9,36.37261956430603,0,1,0
390,20,F,Urban,Bachelor,0.59,0.5233929224858842,8,43.48082288661308,18,4,1
391,33,F,Rural,Bachelor,2.72,0.6598260276460313,9,9.472171658370138,5,3,0
392,21,F,Rural,Bachelor,0.9,0.7190883583331776,2,20.057398474589878,17,3,0
393,34,M,Rural,None,1.73,0.9496301794623447,7,47.38980330072285,9,1,0
394,24,M,Urban,Master,2.88,0.9811307233045783,2,19.829528719316485,10,1,0
395,22,F,Urban,None,2.25,0.7220576232481661,5,6.243503845296133,0,1,0
396,29,M,Rural,Master,1.71,0.8750142060710956,3,26.272256318108976,0,4,0
397,34,F,Rural,High School,1.31,0.7658305118822415,7,5.474548627723108,12,3,0
398,30,F,Rural,High School,3.36,0.7688914673706883,5,10.14266193639326,4,3,0
399,20,M,Urban,Bachelor,0.58,0.6390497575331782,7,49.91593782854783,19,3,0
400,26,F,Urban,Master,1.72,0.6084781229319398,0,27.0681319198066,0,1,0
401,34,M,Rural,Master,3.62,0.6440026729620205,5,14.202919452021451,19,3,0
402,34,M,Rural,Master,3.38,0.7781640036285397,0,49.7387477286953,2,2,1
403,33,M,Rural,Bachelor,1.6,0.5145775930110446,0,48.32794592775716,17,1,0
404,30,M,Rural,Bachelor,3.05,0.9536244721782029,7,22.036952054213177,8,3,0
405,34,F,Rural,High School,3.29,0.5781418547748881,6,13.02015543939542,13,4,0
406,21,M,Rural,None,3.56,0.6100443384356933,2,41.9199819046095,16,1,0
407,29,F,Urban,Master,2.18,0.7591380882238232,5,35.78103584858929,13,2,0
408,26,F,Rural,Master,0.82,0.8550573831686397,8,34.347071750175516,3,2,0
409,29,F,Urban,None,1.02,0.5478645273721987,6,44.655687066123626,4,4,0
410,26,F,Rural,Master,1.18,0.6588473487735811,2,34.47085669356623,16,4,0
411,24,M,Rural,Bachelor,2.38,0.9843373027871786,5,14.189897152077457,1,1,0
412,31,M,Urban,Bachelor,0.13,0.6311714833904729,3,34.693158093786614,4,1,0
413,32,F,Urban,Master,2.54,0.6565250725315734,2,15.290675564183198,3,2,1
414,33,F,Urban,Bachelor,1.46,0.9182492453090167,8,37.961948982849755,3,4,0
415,22,M,Urban,Bachelor,1.18,0.5251072158452277,9,30.9873927245783,5,1,0
416,20,F,Rural,Master,3.52,0.7323065844044854,1,3.870577599237529,19,2,0
417,29,M,Urban,High School,1.84,0.6898083822258352,0,25.641768121757103,12,4,0
418,21,F,Rural,None,0.38,0.6582933799543256,1,17.165048459787048,4,2,1
419,33,M,Urban,Bachelor,3.31,0.6428497970223823,6,16.428531636614714,6,3,1
420,24,F,Rural,High School,0.19,0.5456870524302047,9,30.112815118862862,19,4,0
421,30,F,Rural,Bachelor,2.91,0.6574129146758244,0,16.116241223471246,0,1,0
422,27,M,Rural,Bachelor,3.1,0.5215262013578343,5,38.84468741024364,13,1,0
423,24,F,Rural,None,1.41,0.8904819318222177,6,3.539571800558722,3,3,0
424,31,F,Rural,Bachelor,3.3,0.6991138969790058,8,33.019412619791275,16,4,0
425,22,M,Rural,None,2.06,0.7219519161599558,7,40.45974018283706,13,2,1
426,20,F,Urban,None,1.85,0.9467972932250658,5,33.6415844960215,15,1,1
427,28,M,Rural,None,0.18,0.8290274919306104,2,24.86145975099979,13,3,1
428,28,M,Urban,High School,1.16,0.5040295516710599,7,47.51535068680906,15,3,0
429,32,F,Urban,Master,3.72,0.9715874114806424,6,14.99692448990318,19,4,0
430,29,F,Rural,High School,1.57,0.6185722329888557,2,0.9583943762488889,7,4,0
431,26,F,Urban,Master,2.19,0.5538070923799294,8,21.599468573172043,2,1,0
432,27,F,Rural,Master,2.13,0.8840640891904411,1,1.6505967950163625,18,3,0
433,29,F,Urban,None,2.36,0.7502386579333591,2,47.69683762632044,0,2,0
434,34,F,Rural,Bachelor,0.25,0.7168852830090088,1,10.495902287402576,1,3,0
435,23,F,Urban,None,1.45,0.6247515398413709,0,39.446351197443974,14,2,1
436,24,M,Rural,Bachelor,2.89,0.7737357449311593,3,38.72860415871824,9,2,1
437,31,F,Rural,Master,0.8,0.6371923026012938,4,10.886444984146676,17,1,1
438,30,M,Rural,None,0.81,0.9507915026435338,5,31.061326524008365,13,3,1
439,25,F,Rural,Bachelor,0.04,0.6076022398665963,4,2.4039484243225107,16,2,0
440,27,F,Urban,High School,1.75,0.9421775752278767,0,24.178729285193373,12,4,0
441,26,M,Rural,Bachelor,3.53,0.7797027128636784,2,0.7323563636243369,0,2,0
442,19,F,Urban,None,0.21,0.9142440669476205,0,46.05719400904209,4,4,0
443,22,F,Urban,High School,0.76,0.8564229979304775,4,48.80430120997858,12,4,1
444,22,M,Urban,Bachelor,1.24,0.8483475557183743,4,11.114138331929263,13,3,1
445,23,F,Rural,Bachelor,2.93,0.6621729038475279,5,10.405301729818639,2,4,0
446,25,F,Urban,Bachelor,2.56,0.6169484657361017,7,37.68600882810648,14,2,0
447,33,F,Urban,Bachelor,1.66,0.6054431138403941,9,12.668969941466724,18,4,0
448,30,M,Urban,Bachelor,3.04,0.9285958285297944,0,44.75382795809225,16,3,0
449,18,F,Rural,High School,2.44,0.9102134101295101,3,28.69645680614911,2,1,1
450,34,F,Rural,Master,3.58,0.7202867640061537,9,17.538881150515607,15,2,0
451,24,F,Urban,High School,3.27,0.5662023067482274,0,41.634687317471005,13,2,0
452,30,F,Rural,High School,1.01,0.6911261259887291,8,24.67033502066976,11,3,0
453,21,M,Rural,High School,1.09,0.8096717270684557,6,45.58164568542378,11,3,0
454,21,M,Urban,Master,0.5,0.7272015772399765,6,46.40071183646905,10,3,0
455,23,F,Urban,None,1.35,0.8900946342414975,4,8.271007606420467,16,3,1
456,29,F,Rural,Master,4.0,0.9988114111256927,6,0.11617030659651362,7,2,0
457,24,M,Urban,High School,1.62,0.5955660442244484,1,49.19654700712011,16,1,0
458,27,M,Rural,Bachelor,0.88,0.7298254098297863,3,45.30687680637397,19,4,0
459,24,F,Rural,Bachelor,3.05,0.715491950960411,6,2.772261785192071,10,4,0
460,20,M,Rural,High School,2.17,0.6522462663744755,2,41.651713197053496,1,1,1
461,30,F,Rural,Bachelor,0.6,0.5990477583601448,1,22.89024662796033,9,1,0
462,30,M,Rural,High School,1.52,0.5328460582448296,9,12.948080251248761,9,1,0
463,25,M,Rural,Bachelor,1.66,0.9435596586118492,1,43.937326183846494,10,3,0
464,26,M,Urban,Master,3.02,0.7099243488431588,0,9.833361619515363,5,2,0
465,24,M,Urban,None,0.08,0.7484477592500245,4,47.36499997100335,3,2,0
466,18,F,Rural,None,1.08,0.9584710241004579,5,10.281074384967054,11,2,0
467,20,M,Rural,Master,2.07,0.8881452387579739,5,30.684159386437177,10,3,1
468,30,M,Rural,Master,1.08,0.5652506320585922,8,11.154316726448743,12,2,0
469,34,F,Urban,High School,2.51,0.7827099838038711,3,27.283433248431738,4,3,0
470,18,M,Rural,High School,1.93,0.7211261382597796,0,34.19875649575707,5,2,0
471,23,M,Urban,High School,1.45,0.8986055362893814,5,9.511396541006878,0,1,0
472,23,F,Rural,Bachelor,3.8,0.8621162738059747,4,26.04428913503396,5,4,1
473,29,M,Rural,High School,2.53,0.845202860955536,9,23.45298721950595,17,4,0
474,30,F,Urban,Master,0.52,0.6702724177399484,5,3.5518710701670617,8,3,0
475,30,F,Urban,None,2.24,0.9024818651996273,2,40.91539088376515,14,2,1
476,32,F,Rural,Bachelor,3.12,0.5261956477974306,1,16.784120032142084,7,4,0
477,33,F,Rural,High School,2.83,0.5798124507160836,5,28.729109877593977,18,1,0
478,28,M,Rural,Bachelor,0.69,0.6678116364889559,0,25.73921174665672,15,1,0
479,22,F,Urban,Bachelor,3.89,0.5384037205346406,6,25.663025228522113,5,1,0
480,21,M,Urban,High School,1.8,0.6174971387673458,6,5.361119710424372,5,3,0
481,20,M,Urban,Bachelor,0.64,0.9150754914989591,9,21.17410046246664,2,3,0
482,32,M,Urban,None,0.72,0.9741257688950397,6,22.61833796032851,9,2,0
483,26,M,Urban,Master,0.39,0.6523011778870953,9,36.68214201822242,0,1,1
484,34,M,Urban,Master,3.21,0.6322579019944191,0,42.00094159603493,13,2,0
485,31,M,Rural,None,0.49,0.6399463261232134,3,27.2491139050009,3,2,0
486,32,M,Rural,Bachelor,0.5,0.6388595436754219,6,4.339147703249524,11,1,0
487,18,M,Urban,High School,3.4,0.5179650910929865,8,11.842473529827313,5,2,1
488,20,M,Rural,Bachelor,1.38,0.963458173165554,4,8.246701342636554,10,4,0
489,33,M,Rural,None,0.12,0.6068490707851641,1,6.230753159456237,11,3,0
490,28,F,Urban,Bachelor,0.21,0.7100020370407025,6,18.29496493089038,9,2,0
491,29,F,Rural,Master,0.57,0.5048434413704839,9,11.469675107719102,17,1,0
492,27,F,Urban,Bachelor,0.85,0.9289775454575286,0,10.915155590575615,6,3,1
493,33,M,Urban,None,2.66,0.8655786722274585,6,2.7346587288133826,6,3,0
494,25,F,Rural,Master,0.63,0.9733780175868516,5,0.8835022397716941,10,2,0
495,23,F,Urban,Bachelor,0.48,0.8908077395981995,6,5.13841213248909,3,4,0
496,29,F,Urban,Bachelor,3.06,0.6568532560260326,9,8.609873971181653,19,2,0
497,25,M,Urban,Master,2.68,0.6239366793642118,2,21.549186442410157,0,4,1
498,21,M,Urban,High School,1.74,0.8488581537766464,2,25.526013064942234,12,3,0
499,25,M,Urban,Master,2.2,0.6820563875052497,6,7.029595908668279,17,2,0
500,22,M,Urban,High School,1.25,0.7831075078763083,1,21.239167076209313,8,1,0
501,26,F,Urban,None,1.93,0.5031287355132351,0,17.087442116296366,8,2,0
502,21,F,Urban,None,2.03,0.5309428508402376,8,9.171182174897801,8,4,0
503,34,F,Rural,Master,1.55,0.7676839705908256,8,0.34203740741817756,9,4,0
504,26,F,Rural,Master,3.63,0.7830358232240826,6,23.350893326087085,1,2,0
505,18,M,Rural,None,0.06,0.8757264722296718,6,34.282587463259965,5,4,0
506,30,M,Urban,High School,3.13,0.5659826598119808,2,11.313866707190352,14,3,0
507,33,M,Urban,None,0.5,0.7565915418783894,9,6.590341494833968,2,2,0
508,30,F,Rural,Master,3.19,0.5972238222158444,1,44.35213722234809,10,4,0
509,31,M,Rural,None,2.46,0.5465980597813473,6,13.751238624389888,5,2,1
510,20,M,Rural,Master,3.37,0.7052478970302773,8,11.180630989633238,2,2,0
511,23,F,Urban,Master,0.39,0.5816683240445286,0,42.85484698049579,10,1,0
512,22,F,Rural,None,2.24,0.6108909890961594,3,40.85535495833806,14,2,0
513,32,M,Rural,High School,2.0,0.6587772899347508,5,22.41732352623168,12,1,0
514,19,M,Urban,Bachelor,2.82,0.6296942003715982,6,24.461943071388724,19,4,1
515,27,M,Rural,None,2.14,0.5437956487029731,9,10.887435241701098,9,1,1
516,30,M,Urban,Bachelor,2.16,0.5449581224298512,6,3.9150835239778745,5,1,0
517,22,M,Urban,None,1.72,0.5966247076170841,9,28.671591267783054,14,1,0
518,18,M,Urban,Bachelor,1.24,0.5252795939797694,1,4.917246079510656,17,3,1
519,18,F,Rural,High School,1.93,0.8132285098384635,3,22.463727347832492,17,1,0
520,32,F,Rural,High School,0.47,0.643663358254451,4,47.02485992565054,6,2,0
521,34,F,Urban,None,3.85,0.6398729838845355,0,47.64171945852922,14,1,0
522,28,M,Rural,Master,2.86,0.6659991471188826,0,11.96661432736793,17,2,1
523,34,F,Rural,Bachelor,3.81,0.8313981371048609,9,31.20567100228272,17,1,1
524,30,M,Rural,Master,0.91,0.9353169407417452,2,23.703813205392883,19,3,0
525,18,M,Rural,Master,3.52,0.8795434662778192,9,43.7842563793053,8,4,0
526,19,F,Urban,Master,3.24,0.8637646151125475,2,13.571543213802661,1,1,1
527,26,M,Rural,High School,2.71,0.7421955928004247,7,0.18512034162084245,7,1,0
528,20,M,Urban,None,2.5,0.8469027784837059,8,8.128060296570755,19,3,0
529,18,F,Urban,None,1.27,0.7763811840167916,0,17.476140058469902,1,1,0
530,33,F,Rural,High School,3.27,0.6081252640932644,1,15.78605648852443,10,2,0
531,23,F,Urban,High School,2.01,0.6042941838705254,9,39.5681459561443,6,1,0
532,34,M,Rural,None,0.28,0.6481960034376417,1,34.02803330694189,5,1,0
533,22,F,Rural,Master,1.25,0.9554013354849067,3,14.977815980744863,9,4,1
534,22,F,Urban,Bachelor,3.74,0.7737074201898629,1,22.887190858310667,4,4,0
535,23,M,Urban,Bachelor,3.4,0.8669526885009347,6,4.777955197916761,10,1,0
536,20,F,Urban,Bachelor,3.93,0.6732793799082738,8,44.90732224100504,0,3,0
537,22,F,Urban,Master,2.51,0.7038578853326126,6,46.77124122242671,1,4,0
538,22,F,Rural,None,0.99,0.5627827893186257,5,48.990176769046904,0,1,0
539,27,M,Rural,High School,0.65,0.5856474789108352,9,43.42764153929188,18,4,0
540,27,M,Rural,None,0.75,0.9136782774130727,0,8.698044384811276,1,1,1
541,34,M,Urban,Master,0.08,0.792419315844441,9,2.3098241600814418,19,4,0
542,31,M,Urban,High School,1.56,0.6687662329419095,8,28.9798363706337,3,4,0
543,26,F,Urban,Master,0.77,0.901425604497773,4,45.63025134415552,11,2,0
544,31,M,Rural,Bachelor,1.65,0.6232599528189915,4,8.867568082987143,19,1,1
545,18,M,Urban,Bachelor,3.74,0.988016349300102,5,0.352145731207093,17,1,0
546,30,F,Rural,Master,1.72,0.6724088038730849,8,40.27480230161222,0,1,0
547,30,F,Urban,High School,3.51,0.6686554770756138,7,3.8397842143367003,0,1,0
548,21,F,Rural,High School,2.42,0.6559559527683526,7,20.68530159550152,13,4,1
549,18,M,Rural,None,0.99,0.561055757962144,7,33.94436685943925,3,2,0
550,34,M,Urban,Bachelor,1.42,0.5555685736660062,0,11.839879272809007,4,2,0
551,25,M,Urban,None,0.34,0.8240525172670616,0,4.198128172336335,10,3,0
552,19,F,Rural,None,1.33,0.9375590222790235,7,38.50106142279143,12,1,0
553,25,F,Rural,Master,2.71,0.8952602551358367,4,31.508754244352073,15,3,0
554,24,M,Urban,Master,0.29,0.5705537970106755,8,49.42452422434024,12,4,0
555,19,F,Urban,None,0.82,0.7727910608960332,1,17.215401665997966,1,3,0
556,20,F,Rural,Bachelor,1.53,0.5527957729883199,8,3.088119314509985,15,1,0
557,29,F,Urban,Master,3.93,0.5226473218065387,7,36.71750176676479,5,2,0
558,18,M,Rural,None,3.14,0.8281929296923836,8,26.08667094266228,13,2,0
559,29,F,Rural,None,2.93,0.7675761668401752,3,10.660196569456753,0,1,1
560,22,F,Urban,None,0.46,0.5410118426057354,0,39.08644945023797,16,4,1
561,34,M,Urban,None,3.12,0.5174696232029943,0,10.187774292497187,10,1,0
562,33,M,Urban,None,3.14,0.9948782067046673,4,13.03308274164683,18,4,0
563,32,F,Urban,None,2.4,0.5150106660745359,1,4.6264277183359575,2,2,0
564,32,F,Urban,Master,3.96,0.7222641265250798,7,19.97161395154272,10,4,1
565,22,M,Rural,Bachelor,1.3,0.7523095123038478,9,20.946461196870946,4,1,0
566,31,M,Rural,None,3.77,0.5586400739002225,4,25.728089517414922,16,1,0
567,19,F,Urban,High School,3.66,0.5845308892198582,4,35.44821335618887,6,1,0
568,28,F,Urban,Master,0.05,0.6759025032051762,1,45.30504643402129,9,4,1
569,24,F,Urban,Master,1.8,0.8808379381068313,6,6.886704944390432,10,4,0
570,23,F,Rural,None,3.91,0.7535412120301334,7,2.717404917432853,2,4,0
571,19,M,Urban,Master,0.41,0.8189509372764807,9,0.9265616797166643,19,2,0
572,23,F,Urban,None,2.19,0.9925872775453374,0,7.181068903440813,9,3,0
573,19,F,Rural,Bachelor,3.92,0.8840027176566048,1,32.897474289081295,9,3,0
574,32,M,Rural,Bachelor,2.22,0.7171807490706088,9,36.37385389982483,13,1,0
575,19,F,Urban,Master,0.76,0.7232209608982744,3,39.32528567640611,11,2,0
576,23,M,Urban,Master,2.33,0.8093860385205025,4,12.185410595217133,14,4,1
577,18,F,Urban,High School,0.82,0.8326826042094522,1,15.294740663075995,9,1,0
578,32,F,Rural,Master,2.08,0.7503554629183357,0,24.156732278274973,9,2,0
579,27,M,Urban,High School,0.3,0.82243061140749,8,3.1591548430113248,18,1,0
580,34,M,Urban,Bachelor,2.42,0.5117662472070494,0,30.557076160562307,0,2,0
581,22,F,Urban,Bachelor,2.07,0.714811431948422,3,49.18675168378789,9,2,1
582,21,F,Rural,None,2.96,0.6394690380367384,1,18.040315568900127,1,3,0
583,27,F,Rural,Bachelor,2.52,0.5645872226215551,3,37.6423737545692,16,1,0
584,34,M,Urban,High School,2.2,0.5497732564043876,7,25.0016957784804,6,4,1
585,27,F,Urban,Master,2.76,0.8015960828073337,7,6.390592218019137,6,3,1
586,34,M,Rural,None,0.58,0.7618002735763059,8,29.111872440129318,19,3,1
587,22,M,Rural,High School,2.38,0.6267920584981845,4,14.993713422203248,8,4,0
588,19,F,Rural,Master,0.69,0.7354750293862573,6,1.7201604226729117,1,2,0
589,23,M,Rural,None,3.7,0.7461161575912041,2,31.74648650588719,13,4,0
590,19,F,Rural,Bachelor,0.27,0.5975044902193078,9,42.94661746623638,16,1,0
591,30,F,Rural,High School,1.72,0.8260465309408254,3,17.23848834499371,0,4,0
592,28,F,Rural,Master,2.78,0.8904596781930452,9,19.514777360638526,8,2,0
593,28,F,Rural,None,1.83,0.8957317704447595,8,44.55108414836057,19,4,0
594,33,F,Rural,None,0.37,0.8012349153517275,9,40.680440668367794,18,2,0
595,28,M,Urban,Bachelor,2.21,0.755819291259507,9,35.747641177588854,3,2,0
596,32,M,Urban,Master,2.57,0.5305035715026974,0,12.439853187657397,7,1,0
597,33,F,Urban,Bachelor,2.82,0.6439156494258029,1,45.51083274833223,12,4,0
598,28,F,Rural,Bachelor,1.49,0.546635723389085,4,7.7207878769606495,3,4,1
599,33,M,Urban,Master,2.25,0.9819115804392369,2,31.33852597086109,8,1,0
600,25,M,Rural,Master,1.8,0.5675400731128803,1,1.440059027325935,8,2,0
601,21,M,Rural,Master,2.69,0.5758877049255511,0,32.18599031624729,17,4,1
602,25,M,Urban,High School,2.33,0.944788309165246,9,13.857217593667992,11,1,0
603,21,F,Rural,Master,2.1,0.971964141738229,2,22.483848859186,9,2,1
604,20,F,Urban,None,1.0,0.8829145196174549,0,17.263227602852655,10,1,0
605,20,M,Urban,Bachelor,0.01,0.5027024618363349,0,8.637837812310496,6,4,0
606,22,F,Urban,High School,0.7,0.5006731354782818,0,31.099039504693703,8,1,0
607,27,M,Rural,Master,0.47,0.6890503848937254,7,44.09877775703037,5,3,0
608,23,F,Urban,High School,1.8,0.5716976850054463,2,47.95421211412017,18,2,1
609,18,M,Rural,Master,2.45,0.5091930710757986,0,9.617318157695752,15,3,0
610,22,F,Urban,High School,0.85,0.7320333447022523,6,35.86863870314867,14,3,0
611,26,M,Urban,Bachelor,3.76,0.9715309487034858,9,33.21696833028411,6,2,0
612,29,M,Urban,Bachelor,0.03,0.6619097874512156,2,17.168889478728627,15,2,0
613,31,F,Rural,None,3.09,0.8305703392143482,7,0.9549599676862919,4,1,0
614,19,M,Rural,None,2.5,0.8261176765662204,3,34.48956236564331,15,2,0
615,34,F,Rural,Master,1.49,0.6255400518325839,3,47.274743027975006,0,3,0
616,31,F,Urban,Bachelor,0.2,0.8252126244119322,4,31.60600609578257,18,3,0
617,30,M,Urban,High School,2.51,0.6061669871434456,5,21.764636209381706,4,4,0
618,26,F,Rural,High School,1.54,0.5610037067884446,6,26.257694705581418,6,2,0
619,32,F,Rural,High School,3.75,0.850691642779845,3,9.981440382995876,18,3,0
620,32,F,Rural,None,2.17,0.5567204085519584,7,37.52720818768688,4,4,1
621,28,F,Rural,High School,3.76,0.9984546092946777,5,37.320991500492454,16,4,0
622,33,F,Rural,None,0.88,0.5917262005751147,0,7.275865019371247,7,1,0
623,34,M,Rural,None,2.9,0.7970709313782287,0,43.89891912498295,0,3,0
624,21,F,Urban,Master,2.47,0.7056872857062947,8,13.459486973665264,1,1,0
625,18,F,Rural,High School,2.96,0.5631932112028335,9,49.11280304683074,14,3,0
626,25,F,Urban,High School,0.86,0.5139219537887068,5,19.145150701862292,19,1,0
627,34,F,Urban,Bachelor,2.66,0.8113661411464166,9,8.894202936724982,17,1,0
628,20,F,Rural,Master,1.99,0.9033787818945631,7,17.586005567282616,10,2,0
629,32,M,Rural,Bachelor,2.97,0.921007830753372,6,22.009016434859657,9,1,0
630,32,F,Urban,Master,1.31,0.7413567365384672,5,3.4653886519147417,3,2,0
631,31,M,Rural,High School,3.56,0.8887277335911927,3,28.910919061164474,4,4,0
632,31,M,Rural,None,0.34,0.8364235667442723,6,29.881621993445016,3,3,0
633,19,M,Urban,None,3.23,0.8621272637495666,8,36.94652276747361,12,4,1
634,30,M,Urban,None,3.45,0.746299502610907,9,1.4584946145371647,12,3,0
635,31,F,Urban,None,3.27,0.8167058701210635,9,27.061910721691508,17,4,0
636,24,M,Rural,None,2.05,0.9027629567880284,6,2.6453716635332194,1,3,0
637,20,M,Urban,Bachelor,1.75,0.6989420877785115,0,35.05721099833267,15,1,1
638,32,F,Rural,Master,3.99,0.9029894504337919,9,2.7863992850492236,0,3,0
639,31,F,Urban,High School,0.92,0.7960084213945314,8,45.58639241708163,18,3,0
640,28,F,Urban,Bachelor,2.19,0.5829505121853931,3,35.104128344224826,8,4,0
641,32,M,Urban,Master,2.68,0.5123420786122923,2,25.369488254257856,2,4,0
642,30,F,Rural,None,2.8,0.681376800199576,3,22.075196164058745,6,4,0
643,23,F,Rural,Master,0.82,0.7733481641481699,3,6.5336315206631195,9,2,0
644,20,M,Urban,Master,2.62,0.9199101761017442,9,14.549969478233155,0,2,1
645,32,F,Urban,None,3.27,0.5637428400701231,1,43.44795525104481,9,3,0
646,22,F,Urban,None,0.2,0.9001031738417895,0,45.2226405781247,8,3,0
647,27,F,Rural,None,3.65,0.9315045230336134,9,0.037385418526553194,14,1,1
648,24,F,Urban,High School,0.12,0.575343743500417,0,29.706819573877564,14,1,0
649,34,M,Rural,None,1.42,0.9257971596521095,7,35.96503045125568,2,3,1
650,24,F,Urban,High School,0.06,0.995726783921396,1,30.937349122880313,4,2,0
651,29,F,Urban,None,0.31,0.8634194155241188,9,4.083988243317699,8,3,0
652,34,M,Urban,High School,3.64,0.8923848409124939,4,10.886244939945112,8,1,0
653,30,F,Urban,Master,1.42,0.9972076337794367,3,12.517013369069302,6,2,0
654,21,M,Urban,Bachelor,1.7,0.8027406252629727,7,41.58623156525449,11,2,0
655,27,F,Urban,Master,0.86,0.6539431910081247,1,23.159971815446024,8,1,1
656,20,M,Rural,Master,2.39,0.9187654170380278,9,24.34141059706184,5,3,1
657,26,M,Urban,None,2.38,0.8072428887558156,8,46.744652327725426,1,4,0
658,30,M,Rural,High School,1.49,0.7905977118604783,6,31.854294442735775,8,3,0
659,32,M,Urban,Bachelor,1.33,0.6268177777570192,6,44.93338507763319,16,3,0
660,21,F,Urban,None,3.54,0.8781671347914433,0,22.825442767076648,0,1,1
661,32,M,Rural,None,1.53,0.5408336379300481,1,7.471812925914712,18,2,0
662,19,F,Urban,None,1.97,0.9621435353973307,3,46.496779703704284,5,1,0
663,32,M,Rural,Master,1.13,0.6629117303852423,3,22.935255783376913,4,3,0
664,25,M,Rural,High School,3.15,0.5638873263949953,2,9.081571093941093,1,4,0
665,25,M,Urban,High School,1.59,0.7211832665512095,6,15.119787015196112,8,4,1
666,34,F,Rural,Bachelor,2.05,0.5212349546282666,7,2.540129484447112,13,4,0
667,29,M,Rural,High School,1.01,0.8423130971324831,1,23.415029572819257,3,1,0
668,27,F,Urban,High School,3.95,0.9513527552226781,3,42.65640859551183,3,2,0
669,26,F,Rural,None,1.17,0.9186315035692544,2,46.679022800334465,14,1,0
670,22,F,Urban,None,3.08,0.5636847367239406,1,46.630110375182184,7,4,0
671,23,F,Urban,Master,1.71,0.5631355685538659,5,6.261501281437337,3,3,0
672,19,F,Urban,None,0.82,0.906717241162132,3,19.102694125552848,15,2,0
673,30,F,Urban,None,3.2,0.962127137301558,5,1.4114379825353185,3,1,0
674,23,F,Rural,None,1.33,0.7303349149167446,1,42.75826724857364,15,1,0
675,22,F,Urban,None,3.46,0.7494855584568829,3,17.93778810106369,11,2,0
676,18,F,Urban,Master,3.66,0.6591310206928629,5,31.55585139461174,15,2,0
677,23,M,Rural,None,3.44,0.9471325591282069,4,35.74492190386443,18,3,0
678,23,M,Urban,Bachelor,0.14,0.8224514526461779,2,21.49223348715777,7,2,0
679,33,M,Urban,Bachelor,3.15,0.6441257885836842,7,15.32211682751215,5,3,0
680,21,M,Rural,Bachelor,1.65,0.6493914355271257,6,48.11064550579724,9,4,0
681,28,M,Rural,Bachelor,3.49,0.9456000365318011,2,48.22441125119271,4,4,0
682,26,F,Rural,None,2.55,0.5068170119529107,5,14.471818401501096,17,1,1
683,20,F,Rural,Bachelor,3.33,0.6613632863633192,3,23.981254837222902,9,4,0
684,25,F,Rural,None,2.0,0.7771783406081845,4,48.64220793300112,9,4,0
685,22,F,Rural,Master,2.14,0.5741087310496623,4,0.24342038277516131,6,3,0
686,21,F,Rural,Bachelor,0.58,0.546049377099795,6,20.63391241895746,17,1,0
687,23,F,Urban,High School,3.14,0.90763816554528,4,5.022877484048421,0,2,1
688,19,F,Rural,Bachelor,1.68,0.9472021943242537,2,25.45789827813013,6,1,0
689,28,M,Rural,Bachelor,2.0,0.9118032103990947,9,1.2334977270243574,0,4,1
690,21,M,Rural,None,3.14,0.9493939448686739,4,20.344921569531394,14,2,1
691,32,M,Urban,Bachelor,2.4,0.7765559855291857,6,11.034953739266756,3,1,1
692,23,M,Urban,High School,0.8,0.906129060495171,4,26.66541812293704,19,1,1
693,34,F,Rural,None,2.36,0.6920213191955502,4,49.79968245503498,9,1,1
694,23,F,Rural,None,1.63,0.8331339307395192,8,40.02680525633738,8,1,0
695,19,F,Rural,Master,1.88,0.9944177656945823,2,42.28210458122107,1,3,0
696,32,M,Urban,Master,0.11,0.6128638619195637,5,31.763249367954042,13,1,0
697,28,F,Urban,Bachelor,0.84,0.6949498731455404,0,2.077992413612928,15,4,0
698,25,F,Rural,Master,1.12,0.7400236886550429,9,10.339883802207206,0,4,1
699,30,F,Urban,Master,2.85,0.5690077435100258,4,46.25322782235275,1,3,0
700,29,M,Rural,Master,0.05,0.5405193052325283,7,18.30565589643756,6,2,1
701,22,F,Urban,None,1.64,0.9148614331608123,4,5.181836324039779,9,2,1
702,23,M,Urban,None,3.7,0.988397186413793,8,35.1202682933101,19,4,0
703,21,M,Rural,None,0.45,0.7023625319148293,5,14.972886196712732,0,4,0
704,18,M,Rural,Master,2.07,0.5438249180973267,7,13.442845645208584,12,3,0
705,34,M,Rural,None,3.15,0.5329058803452882,9,49.89887277791302,0,2,0
706,29,F,Rural,Master,3.77,0.9456591031801493,7,42.90694625133272,4,2,0
707,32,M,Urban,None,2.99,0.73190712486384,2,20.396890918392053,15,1,1
708,18,M,Urban,None,2.88,0.660013658281196,6,49.013060390824954,14,1,0
709,31,F,Urban,High School,3.31,0.7382306356196997,6,32.50566117096068,16,1,0
710,23,F,Rural,Bachelor,1.78,0.6591520473461736,9,37.10112259398801,15,3,0
711,22,M,Urban,Master,3.22,0.74451788765381,5,1.5756521541105795,12,4,0
712,28,F,Rural,High School,0.03,0.9297781984589684,6,6.080262967402855,10,3,0
713,21,M,Urban,None,3.7,0.7961506855310478,1,31.654256324811918,16,2,0
714,30,M,Rural,Master,1.77,0.8473268864050877,8,44.951199132474194,16,4,0
715,28,M,Rural,None,2.21,0.6823353381171683,9,31.187186304379782,1,1,0
716,20,M,Urban,Bachelor,1.02,0.8692529392552594,9,6.701244715949589,12,3,0
717,18,F,Rural,High School,2.97,0.8333085424396862,0,5.788002312316232,13,3,1
718,23,M,Rural,Bachelor,0.31,0.5597809988760283,0,42.20929479120408,10,1,0
719,27,F,Urban,High School,3.49,0.7863214265577922,2,6.965116935395716,9,3,0
720,22,F,Rural,None,3.31,0.628371748154879,2,26.01159802520127,2,1,0
721,27,F,Rural,Bachelor,0.86,0.9020478348167964,0,1.8556659981151136,16,2,0
722,29,F,Rural,Bachelor,3.24,0.7129688542334698,6,4.033488369558869,14,4,0
723,19,M,Urban,None,3.15,0.9973420825982435,3,33.61741338214324,8,2,0
724,30,F,Urban,Bachelor,2.53,0.5462502189694819,9,34.459070521375835,9,2,0
725,25,M,Rural,Master,1.49,0.8901739313700793,1,17.07347033042212,7,1,0
726,19,F,Urban,High School,1.09,0.8368508667710782,9,10.780488262152238,12,3,0
727,18,F,Rural,High School,0.93,0.8837494152953527,4,40.6855135378654,17,2,0
728,22,M,Rural,High School,1.27,0.6537648977452282,5,10.855161473494517,4,2,0
729,26,M,Rural,Master,3.61,0.7460272446912003,8,27.101353483318984,5,2,0
730,34,M,Rural,High School,0.31,0.8982542598618541,3,48.410442043145274,16,3,0
731,26,F,Rural,None,3.32,0.6162706658104276,1,7.392621893119189,10,3,1
732,28,F,Urban,Bachelor,1.4,0.6130165983943261,4,47.04381337473544,19,1,0
733,32,M,Rural,Master,2.09,0.7755254766474662,2,9.144652653433432,15,2,0
734,23,M,Urban,High School,3.18,0.7617817897649279,1,28.372160401161477,8,4,0
735,20,M,Urban,None,3.54,0.6411312352064664,0,18.85038559793723,1,3,1
736,34,M,Rural,Bachelor,1.38,0.6490378252624114,9,48.2464300750913,4,1,0
737,22,F,Rural,Bachelor,1.85,0.6389225816032827,1,13.677101450096846,0,2,0
738,29,M,Urban,Master,1.66,0.8857560309992438,5,19.982900104287683,3,4,0
739,31,M,Urban,Master,0.05,0.8259504327812304,7,49.14300589277102,3,3,0
740,28,M,Urban,Master,1.18,0.9162085917051264,2,26.82351955942366,2,4,0
741,26,M,Rural,None,1.84,0.9877365141570109,8,25.131505781062675,8,3,0
742,19,F,Urban,None,1.64,0.7370821481359933,8,12.888924410199564,11,1,0
743,29,M,Rural,Master,2.89,0.5333469407027245,1,35.06817801552207,9,4,1
744,20,F,Rural,High School,1.54,0.5240461552060177,7,0.7186475888888821,1,2,0
745,20,M,Rural,Bachelor,1.96,0.6478325196358096,9,2.4756314851146763,10,2,0
746,18,M,Urban,Bachelor,1.72,0.9662722946762254,4,29.967929356790137,9,3,0
747,25,F,Rural,None,2.96,0.7616065274854374,3,17.083728690922705,5,2,0
748,25,M,Rural,Bachelor,3.45,0.6358932580400646,9,47.66581861004803,17,4,0
749,28,F,Rural,High School,2.13,0.6995833972555098,4,45.15953453613928,1,1,1
750,26,F,Rural,Bachelor,3.16,0.7992975537023355,3,35.68531293383536,1,3,0
751,22,M,Rural,None,1.19,0.8264748290689211,7,40.90727905639007,9,4,1
752,31,F,Urban,None,2.17,0.5769597548914525,3,33.366592483384665,15,3,0
753,20,F,Rural,High School,1.38,0.988515838272588,9,6.2791051355080345,11,1,0
754,22,F,Rural,High School,1.66,0.7723861134913944,5,38.277168484460134,0,3,1
755,22,F,Urban,Bachelor,2.93,0.5678441588961396,1,10.50959843594232,7,2,0
756,31,F,Rural,Bachelor,3.53,0.9468176266730668,4,16.172142755009837,15,2,0
757,21,F,Urban,None,0.49,0.5373192155397144,5,40.96171060512101,17,3,0
758,30,F,Rural,High School,2.54,0.9538677165887564,4,26.82628041967241,12,1,0
759,27,F,Urban,High School,2.33,0.9982828281444912,1,42.99703570917046,14,1,0
760,25,M,Urban,High School,0.47,0.8502158995782519,6,10.65176599216321,11,2,0
761,25,M,Rural,Bachelor,0.85,0.8852236105369948,3,30.38892193034436,7,1,0
762,24,F,Rural,High School,1.24,0.6686514182337432,7,4.189548627413081,9,3,0
763,25,M,Rural,None,0.67,0.9707884263669668,6,32.15304967700148,13,4,0
764,31,F,Urban,None,0.97,0.7648569830541838,6,38.126701888776736,4,3,1
765,23,F,Urban,Bachelor,1.07,0.8661942232987774,8,29.246544698936084,17,2,0
766,18,M,Urban,Master,1.34,0.9620538579556397,0,13.311575074940512,18,2,0
767,32,F,Rural,Bachelor,3.0,0.9875899879877541,9,1.567133442943336,14,2,1
768,18,F,Urban,Master,2.29,0.9166021782983371,5,5.972444198214289,5,1,0
769,34,F,Urban,High School,3.94,0.651508753491015,5,31.11514895370131,10,3,1
770,18,F,Rural,Bachelor,1.66,0.9832737582760411,5,46.721010842125686,10,4,0
771,32,M,Urban,None,3.02,0.8140597656217858,5,10.32672019860032,19,3,0
772,19,F,Urban,High School,3.49,0.9653212381759799,9,36.75130745525494,19,4,0
773,31,F,Rural,None,2.72,0.8380525129071759,6,43.322553162452074,17,3,0
774,25,F,Urban,High School,1.65,0.6536194809238602,9,26.044108922375553,17,2,0
775,25,M,Rural,Bachelor,3.01,0.685012262071408,5,33.463289792182884,9,4,1
776,24,F,Rural,Master,0.81,0.7752358885514703,0,40.75076583380741,1,3,1
777,23,M,Rural,High School,1.31,0.895007420779941,2,13.03375788702968,8,1,1
778,23,M,Rural,Master,2.19,0.6589912756701675,1,14.84478371340215,13,1,0
779,20,F,Rural,High School,2.3,0.789865583067096,5,0.03137583142280853,18,3,0
780,24,F,Urban,None,0.09,0.6728124967882008,7,48.154706544890125,9,2,0
781,25,M,Urban,None,3.78,0.9078847023175536,2,45.87724472981724,3,4,0
782,27,F,Rural,High School,2.79,0.7333640468839753,9,38.22841318797152,5,3,0
783,32,M,Rural,Master,1.98,0.5383614134264426,7,3.953801048832406,13,1,0
784,32,M,Urban,Bachelor,3.73,0.5830262607407681,7,22.375144484975408,3,4,0
785,18,F,Rural,Bachelor,1.76,0.5305523338098161,4,5.094587698577641,14,1,0
786,24,F,Rural,None,3.92,0.7496514730071626,7,0.7960133631399302,15,1,0
787,21,M,Rural,Bachelor,2.05,0.5531686486741136,5,30.809148260629865,6,3,1
788,23,M,Urban,None,0.46,0.557069984654816,4,48.04147085400942,16,1,0
789,18,M,Urban,Bachelor,3.06,0.9705241300191885,8,45.14340117160751,18,4,0
790,22,M,Rural,High School,2.72,0.9363275360880277,6,34.837740746770216,18,2,0
791,18,F,Rural,None,3.09,0.726043298405683,7,4.832029208243571,16,3,1
792,21,F,Urban,None,3.81,0.9929026604251029,0,13.708201883615006,5,4,0
793,19,F,Urban,High School,3.11,0.5000932640853315,1,16.002836344264548,10,3,1
794,27,F,Rural,None,2.45,0.8069897281366969,7,38.15750288727806,15,1,1
795,22,F,Rural,Bachelor,3.43,0.808214088685935,8,40.112458961755706,7,1,1
796,27,M,Urban,Bachelor,2.69,0.7287215279349442,3,19.255306149496022,10,4,0
797,18,F,Urban,None,1.63,0.6984739864671464,9,20.894199830880485,6,4,0
798,23,F,Urban,Bachelor,3.54,0.7276915677403037,9,2.225451963808567,18,2,0
799,30,F,Rural,Master,0.89,0.7074802180398403,8,14.45683592093805,9,4,0
800,32,F,Urban,None,2.86,0.8652462387411497,3,22.564258858881995,8,4,0
801,21,F,Rural,High School,3.53,0.5676777174866421,9,5.849152319262879,3,3,0
802,30,M,Urban,Master,2.93,0.5988196102955651,9,22.663373037751068,14,1,0
803,32,M,Urban,None,2.79,0.5902591141962118,9,42.658790612890016,12,4,0
804,25,M,Urban,High School,3.01,0.6312352925606323,8,29.066050986252666,1,2,0
805,22,F,Urban,Bachelor,1.86,0.7626292093907916,6,3.946492751920616,1,4,0
806,32,M,Rural,High School,3.5,0.5556043736691094,1,9.583565941513717,15,1,0
807,21,M,Rural,Master,0.81,0.934084647663252,8,23.72721750792781,8,4,0
808,29,F,Urban,Bachelor,0.51,0.6486807656542362,3,18.074357491090602,12,3,0
809,30,F,Rural,None,1.14,0.5812689937343539,7,17.936350977304937,2,1,1
810,19,F,Urban,Bachelor,2.13,0.8378106547991216,6,26.46337240717951,8,4,0
811,21,M,Urban,None,2.04,0.5190431502996596,6,29.21979607947287,12,3,0
812,21,M,Urban,None,3.28,0.8099842824370821,7,39.84307851380955,1,1,0
813,28,F,Urban,High School,1.62,0.84909921533825,0,17.048328173124233,7,4,0
814,22,F,Rural,High School,1.94,0.6074582656933596,4,40.273314152029336,8,3,0
815,28,M,Urban,High School,0.05,0.5209820367218172,1,16.930561455631626,15,2,0
816,27,M,Urban,Master,1.64,0.6818226794597249,1,2.7716494470616917,1,3,0
817,25,F,Rural,Master,2.59,0.5492971151209682,0,27.70938255023956,5,2,0
818,23,F,Urban,High School,0.06,0.5582389248366686,4,29.395116244740727,7,4,0
819,23,M,Urban,Master,1.12,0.6271306157224323,1,46.727012281093,4,3,0
820,25,F,Urban,Bachelor,0.83,0.6477339623133797,3,36.30306630312372,8,2,0
821,32,M,Rural,Bachelor,0.17,0.7649851705107102,2,45.88863262472198,0,1,0
822,31,M,Urban,Master,1.92,0.8391959427515066,2,45.41736051215048,8,3,0
823,28,M,Rural,Master,0.73,0.7963854704350923,1,30.228705512912107,9,4,0
824,29,M,Urban,Bachelor,2.97,0.5741801686447584,5,26.388103266822377,3,1,0
825,30,F,Urban,None,3.39,0.5860430162263133,1,27.872048358179995,2,2,1
826,25,F,Rural,Bachelor,2.18,0.9393846248964572,7,48.91654038386239,9,3,0
827,18,M,Urban,Bachelor,3.93,0.7791761575320568,7,38.658384587347946,14,3,0
828,32,M,Urban,Master,1.8,0.9349689164488445,4,5.313295239619792,10,4,1
829,25,M,Rural,Bachelor,2.05,0.6857732556599372,9,38.921420339069996,13,1,0
830,28,M,Rural,Master,3.96,0.8072000037156619,6,8.526902444911293,5,3,0
831,29,M,Rural,Master,0.93,0.7618317080273054,3,22.367527450281283,11,3,1
832,29,F,Rural,High School,3.77,0.6595617449102313,0,10.522983608826713,12,1,1
833,21,F,Rural,Bachelor,0.17,0.7349576860167977,1,34.47915327666149,16,3,0
834,33,F,Urban,None,1.79,0.751245438413466,9,43.865486809651784,15,1,0
835,21,F,Rural,High School,0.28,0.6003854873783393,9,14.518094268334048,2,1,1
836,22,M,Urban,Master,2.92,0.6575051861883658,3,4.100537060409382,1,1,0
837,22,M,Urban,Master,2.43,0.8957048752534877,0,14.924654903748163,10,4,1
838,25,M,Urban,None,2.83,0.9578941197270636,7,33.61809289660972,8,1,0
839,27,M,Rural,Master,1.5,0.6798970467726497,8,16.4380063777225,2,1,0
840,34,M,Rural,Bachelor,1.48,0.6534861411045091,3,13.905608377690172,17,2,1
841,26,F,Urban,High School,0.18,0.5975985822859413,9,9.221759529213248,19,2,1
842,31,M,Rural,Master,1.4,0.8392455843252906,2,24.875821343721675,14,4,0
843,25,F,Rural,Master,3.72,0.6615498508331686,1,13.79744140785938,13,1,0
844,26,F,Rural,None,1.52,0.9938747695495942,4,36.550517456974156,1,2,0
845,28,F,Rural,Bachelor,3.33,0.6628424010319767,2,3.8311200996101356,16,2,0
846,18,F,Urban,Master,3.37,0.697068023391314,9,33.201651655565875,7,3,0
847,31,M,Urban,None,1.49,0.8016670981060174,6,11.878000728388493,9,1,1
848,22,F,Rural,Master,2.53,0.9008421465956524,5,24.463963052580155,17,2,1
849,31,F,Urban,None,0.38,0.7347593326728168,0,14.30449610156303,18,4,0
850,21,F,Rural,None,0.41,0.7113280168944791,7,36.13843380053978,7,3,0
851,18,M,Rural,Bachelor,0.19,0.9978189167974041,1,47.265352012581836,7,3,0
852,25,M,Urban,Master,2.32,0.5052468205699723,4,45.85383897349066,2,1,0
853,32,M,Urban,Bachelor,1.7,0.9475326444256229,8,29.171310757204555,2,1,0
854,32,F,Urban,None,2.19,0.5745704129698688,7,23.13051516284892,11,3,0
855,26,F,Rural,High School,2.08,0.8929626381044566,1,40.91502547196909,16,4,0
856,26,M,Urban,Master,1.4,0.808965779923149,8,34.1663181313865,3,1,0
857,27,F,Rural,High School,2.71,0.670923642749046,4,9.178205710846644,16,1,0
858,26,M,Urban,Master,3.03,0.9369374777605092,9,41.04596068065001,13,3,0
859,20,M,Urban,Bachelor,0.06,0.506453613990496,5,21.444219469735508,18,3,0
860,28,F,Rural,Bachelor,0.83,0.6133453260374618,2,9.449282998558756,8,1,0
861,23,F,Rural,Bachelor,2.85,0.783446398124768,2,14.089867519824622,11,2,0
862,19,F,Rural,Bachelor,1.55,0.675771130024849,9,13.376351512417116,4,1,0
863,24,F,Rural,Bachelor,2.65,0.8051887476591638,7,25.960348730173006,10,2,0
864,19,M,Rural,High School,1.39,0.5120550967043334,9,11.718504533893775,19,3,1
865,34,M,Rural,Bachelor,1.56,0.5582294652408563,9,6.178324370078808,2,2,0
866,28,M,Rural,None,0.63,0.5635481201092196,1,6.184542530688036,14,4,0
867,29,M,Rural,None,1.03,0.5946418229580047,1,29.16380985695483,13,3,0
868,24,M,Urban,High School,2.42,0.7296657204002714,4,36.73796444246893,10,1,0
869,23,F,Rural,Master,1.73,0.8760643497717856,5,16.07665044191704,19,1,0
870,18,M,Rural,None,3.1,0.9527694189644506,1,1.7325354907008539,7,3,1
871,34,M,Urban,Master,3.41,0.917686265142123,4,6.361244346850537,3,3,0
872,28,M,Rural,High School,2.17,0.5984439358878417,6,45.734728016852856,11,4,1
873,34,F,Urban,Master,3.03,0.7205752761153161,9,24.67718297947265,7,3,0
874,24,F,Urban,Master,1.23,0.5997057988792676,9,22.678640480758737,5,1,0
875,34,F,Rural,Master,1.66,0.6322359083335953,7,1.9024589155045457,14,4,0
876,26,F,Urban,Master,2.85,0.751773490755943,6,36.43185111584496,11,1,0
877,34,M,Rural,High School,1.54,0.5340545123617613,7,26.403404046603946,15,2,0
878,25,M,Urban,None,2.35,0.6090871647966366,8,10.104046804326039,15,3,0
879,34,F,Urban,Bachelor,0.74,0.9676890806535586,4,5.503688009052859,19,2,1
880,24,F,Urban,Master,2.4,0.7330581463292445,4,19.169393181599926,19,1,0
881,18,M,Rural,None,3.45,0.7226932629889361,9,41.85809820975128,3,2,0
882,30,M,Rural,None,3.47,0.5072835773756394,3,43.264727960051225,10,2,1
883,34,F,Urban,High School,2.9,0.6236998735291729,8,30.142319019781823,12,1,1
884,30,F,Urban,None,2.98,0.9331462179910907,4,36.37682136150713,8,1,0
885,33,F,Rural,High School,2.23,0.5823142141293344,1,5.757789370143518,3,3,1
886,25,F,Rural,Master,2.34,0.7075624697673606,9,29.40630327339274,11,2,1
887,18,M,Urban,Master,0.53,0.5071654529335006,7,33.34828517435909,8,4,0
888,31,M,Urban,Bachelor,1.78,0.7391677408352779,6,10.03564214568961,12,4,0
889,32,M,Rural,Bachelor,1.8,0.5105105533631086,7,44.00773664551295,15,1,0
890,19,F,Rural,Bachelor,3.83,0.9098047765328999,2,9.749836876050988,5,1,0
891,34,F,Rural,None,1.72,0.9124268837435519,3,15.67386799232252,9,2,0
892,23,M,Rural,Master,2.2,0.8938710941511849,4,31.02784235117293,12,1,1
893,21,M,Rural,High School,2.13,0.6416820344455592,5,31.917503256536538,6,4,0
894,18,M,Urban,Bachelor,2.55,0.918618609110909,0,34.96923704936836,18,3,0
895,25,M,Rural,High School,2.99,0.7714990663026347,3,5.600585653410284,18,3,1
896,24,F,Urban,High School,0.9,0.6869040544335012,9,42.47322149642777,16,2,1
897,20,M,Rural,Bachelor,2.11,0.8126649798521165,4,26.642356614162992,12,3,0
898,27,M,Urban,Master,3.3,0.506170523030187,6,23.566089705253418,12,1,0
899,27,M,Rural,Bachelor,1.85,0.571480438800376,4,49.05488122567548,1,1,0
900,31,M,Rural,High School,1.11,0.8711467690851313,0,37.018914847050986,9,1,0
901,19,M,Urban,Bachelor,2.62,0.6220808043580766,6,5.900301330968744,12,1,0
902,18,M,Urban,High School,3.3,0.7990045586643748,7,37.82695836131204,8,2,0
903,24,M,Rural,High School,0.25,0.6925513014115148,6,4.762446698643474,0,3,1
904,25,F,Rural,Bachelor,3.11,0.9274028893996307,3,1.3735281256492426,13,4,0
905,18,F,Rural,None,3.29,0.9762076529983218,7,20.181294763494854,15,3,0
906,20,F,Rural,Bachelor,1.85,0.9417823641850952,4,49.678908640960934,19,1,0
907,25,F,Rural,None,3.93,0.6353099973467984,9,8.744196809743132,14,4,0
908,32,M,Urban,High School,3.15,0.5970814345230411,8,33.6322171763395,0,2,0
909,22,F,Urban,High School,3.09,0.7372174468103675,9,8.669803310305968,16,1,1
910,20,F,Rural,None,2.99,0.5036670754180901,4,36.2393487479193,12,1,0
911,18,M,Urban,High School,0.6,0.5129046964315909,0,25.267683411891305,14,4,0
912,32,M,Urban,None,0.87,0.7766453198115,8,33.998585504468814,15,2,0
913,25,F,Urban,None,1.86,0.7602247020826429,4,10.14365879571173,15,4,0
914,19,F,Rural,High School,1.06,0.99729099451763,5,37.2814166260251,1,2,0
915,20,M,Urban,Master,1.66,0.600920917681879,3,49.780952981135336,16,1,0
916,31,F,Rural,None,3.55,0.6290519645802342,5,33.282525031297986,10,3,0
917,31,M,Urban,Bachelor,3.3,0.5567703211631434,7,24.673999903643885,7,1,0
918,28,M,Rural,Bachelor,2.52,0.9587715048268723,2,46.15869943096324,19,3,0
919,33,M,Urban,High School,3.43,0.8889056222292253,4,0.792592111593815,2,3,0
920,21,M,Rural,Master,3.14,0.9111695557284237,1,36.496175964291055,11,2,0
921,22,F,Rural,High School,1.72,0.9513818939822544,1,44.43732584069065,19,4,0
922,31,M,Urban,Master,0.8,0.7624499933629192,6,3.0837291810478726,15,2,0
923,33,M,Rural,None,2.06,0.7255965957253618,9,22.503208520787908,13,1,0
924,24,F,Rural,None,2.94,0.6651957368328083,9,10.235972697499946,15,4,0
925,27,M,Rural,None,1.75,0.7946073071739277,9,28.325908279391506,16,3,0
926,24,F,Rural,None,2.67,0.7271391983949113,5,32.47714793018302,10,3,0
927,18,F,Rural,Bachelor,0.38,0.7257827933027876,3,15.131159146437751,16,1,1
928,33,F,Rural,Bachelor,2.99,0.9684639318655694,4,22.999083483905043,18,4,0
929,21,M,Rural,High School,3.25,0.9920157571395651,0,13.966974263827975,0,1,0
930,19,F,Rural,Master,2.83,0.8982421946647904,6,18.469558222755687,11,1,0
931,18,F,Urban,None,3.87,0.8783790451234641,7,7.976997834421179,14,2,1
932,32,M,Urban,None,3.31,0.8402790808895507,8,44.27797217928157,17,1,0
933,22,F,Rural,Master,3.61,0.5830374261667568,7,0.5005205279568214,13,4,0
934,28,F,Rural,Master,3.73,0.5295529104378273,4,44.120459322189426,0,1,1
935,27,F,Urban,High School,3.21,0.8453631575566316,2,28.583943917486927,12,4,1
936,19,F,Urban,Master,2.7,0.864393111128288,9,16.582892208850875,14,3,0
937,20,F,Urban,None,0.02,0.5234864955490699,8,36.15285627301649,6,1,0
938,29,M,Rural,None,1.86,0.9640258751144241,5,25.387607593133215,14,4,1
939,22,F,Urban,None,2.28,0.5455703197223387,4,24.955432905380327,19,3,0
940,22,F,Rural,None,1.22,0.6429502668856012,2,5.5071141459483215,9,4,0
941,23,M,Rural,None,1.27,0.8361949063993522,5,19.475801297270433,13,3,0
942,26,M,Urban,High School,3.84,0.5849362972022382,2,12.053217292836832,5,2,0
943,19,M,Rural,None,3.57,0.5277079442211222,9,0.7847952798139823,13,1,0
944,29,F,Rural,High School,3.4,0.6655732445820749,5,18.004981539105664,11,1,0
945,20,M,Rural,None,1.62,0.8829857874275895,3,4.491106471280237,10,3,1
946,29,F,Rural,Bachelor,0.05,0.7068393394926302,1,12.84150188625926,19,2,0
947,34,F,Urban,Bachelor,0.32,0.8264864609539697,7,4.625831059154723,18,4,0
948,27,M,Urban,Bachelor,1.25,0.7898095486140684,3,5.0470812778199425,1,2,0
949,31,M,Rural,Bachelor,0.06,0.5111092410127902,8,9.950564720759413,19,4,1
950,34,F,Rural,High School,0.07,0.9942699935228534,6,49.99246222432001,0,4,0
951,34,M,Urban,High School,3.67,0.5207140444096938,1,0.1092071428624386,7,1,0
952,31,F,Rural,Master,2.82,0.9839013688242425,3,31.933631806020262,13,3,0
953,26,M,Urban,None,1.24,0.7749320891821991,4,7.062184901327867,8,1,0
954,25,M,Rural,Bachelor,0.53,0.9815795135325333,2,46.03140683553879,1,1,1
955,19,M,Rural,High School,2.05,0.5573767997069177,8,4.6816446666814615,4,1,0
956,30,F,Urban,None,0.02,0.7452042595927566,4,47.753159356311826,7,4,0
957,24,M,Urban,None,3.75,0.5847520459330293,1,30.546319374173898,15,1,0
958,26,F,Urban,High School,1.66,0.5254874385112211,2,0.0634038457745123,15,4,0
959,28,F,Urban,Bachelor,1.61,0.8087645575311557,8,44.7003598958403,12,3,0
960,31,F,Rural,Master,1.56,0.6038917104808457,6,26.085590068345915,19,4,0
961,21,F,Urban,None,0.28,0.793848509143773,1,13.133486766524227,14,4,0
962,30,M,Rural,Master,2.55,0.5561822409744928,8,38.363958875781506,0,2,0
963,19,F,Urban,Bachelor,2.93,0.6659932357163514,3,46.3332776943435,2,1,0
964,22,F,Urban,Bachelor,2.7,0.8908162790266236,8,24.184541157339694,5,1,0
965,28,M,Rural,Master,0.55,0.7185257609210938,1,15.777673722155544,13,1,0
966,23,F,Urban,Bachelor,2.32,0.8138727074486682,9,39.44725619674634,3,1,0
967,27,M,Urban,None,2.28,0.823728970372773,3,34.08927488942273,17,2,0
968,21,F,Urban,Master,3.47,0.9218775219936468,4,44.43762418751362,14,2,0
969,26,M,Urban,Bachelor,1.52,0.6624613972033206,1,34.62570063805965,8,2,1
970,23,F,Rural,Master,1.49,0.8436477812912588,9,12.176416944976815,17,2,0
971,19,M,Rural,None,2.47,0.9808079035230828,0,46.58296248795095,2,1,0
972,34,F,Urban,Bachelor,2.53,0.865121667178934,6,5.241787360299566,9,4,1
973,22,F,Urban,None,1.88,0.7449352383588723,9,13.397137505342393,16,3,1
974,23,M,Urban,Bachelor,1.77,0.8153587222459646,0,26.00973038619428,6,2,1
975,29,M,Rural,High School,1.98,0.869841448881554,7,28.28710130354507,14,4,0
976,27,M,Rural,Bachelor,3.44,0.8061378828469362,2,0.7655293313452716,0,2,0
977,23,M,Rural,Master,1.84,0.5083379067449196,9,39.028636291047,10,1,0
978,25,F,Rural,Bachelor,3.76,0.5973867488436129,5,18.080365921269475,16,1,0
979,19,F,Urban,None,2.02,0.905234108607733,6,20.320927050106892,4,4,0
980,29,M,Urban,None,3.8,0.6363253236562423,9,40.46847722184729,6,4,1
981,30,F,Urban,Bachelor,3.33,0.865781059780567,0,18.964169586377228,18,4,0
982,24,M,Rural,Master,1.45,0.6860601076208493,5,2.361243824737741,14,1,0
983,27,M,Urban,High School,3.45,0.7609421640789715,6,8.821988523517515,2,1,1
984,30,F,Rural,Master,0.44,0.5339866499097019,5,47.795158619409115,14,3,0
985,34,F,Rural,High School,3.7,0.5906127805248548,3,3.5202681201257082,4,4,0
986,31,F,Urban,None,2.53,0.9785984817596173,0,17.746560048400813,11,3,0
987,19,F,Urban,Master,0.22,0.9450690267234569,8,25.15895835256723,19,2,0
988,28,F,Urban,High School,2.58,0.8261375554495252,3,24.664041366928004,4,3,0
989,18,F,Rural,Bachelor,3.9,0.7298222986928686,6,0.19799715060713763,2,2,1
990,21,F,Rural,None,0.28,0.8378806464476118,6,25.058136572874517,8,2,1
991,28,M,Urban,Bachelor,2.22,0.8093051445469694,1,19.18862289887046,8,3,1
992,25,M,Urban,None,2.99,0.784276127802306,0,48.603966773727855,6,4,0
993,28,M,Rural,Master,3.24,0.5295885359317709,7,7.957954199691492,1,2,1
994,21,M,Urban,Master,1.66,0.8164013053307535,7,17.70770983797475,15,4,0
995,34,M,Rural,None,0.82,0.8844600222855842,6,20.974074254490986,8,1,0
996,24,F,Rural,None,0.17,0.9970408273227878,7,19.53467685504744,12,2,0
997,25,M,Urban,None,2.32,0.5055392762971549,2,33.291541382593124,18,1,0
998,20,M,Urban,Master,1.81,0.8650867266553384,1,10.775642877388442,19,3,0
999,19,M,Urban,High School,3.79,0.7858946579679902,6,11.053577640699592,16,4,0
1000,32,M,Urban,Bachelor,0.24,0.7170260880404784,7,36.460547425042655,5,3,0
